time,node,load,active_sessions,cpu,mem,latency,lag1,lag2,hour,hour_sin,hour_cos
0,0,27,6,27,71.54203323558163,39,27.0,27.0,12,1.2246467991473532e-16,-1.0
5,0,16,4,16,60.61827956989247,12,27.0,27.0,12,1.2246467991473532e-16,-1.0
9,0,74,11,74,84.1642228739003,23,16.0,27.0,12,1.2246467991473532e-16,-1.0
13,0,32,5,32,41.251221896383186,27,74.0,16.0,12,1.2246467991473532e-16,-1.0
14,0,79,11,79,77.41935483870968,7,32.0,74.0,12,1.2246467991473532e-16,-1.0
26,0,22,3,22,21.908602150537636,8,79.0,32.0,12,1.2246467991473532e-16,-1.0
26,0,80,11,80,74.81671554252199,40,22.0,79.0,12,1.2246467991473532e-16,-1.0
28,0,39,5,39,34.82404692082112,41,80.0,22.0,12,1.2246467991473532e-16,-1.0
31,0,63,8,63,45.16129032258064,38,39.0,80.0,12,1.2246467991473532e-16,-1.0
33,0,50,5,50,12.70772238514174,42,63.0,39.0,12,1.2246467991473532e-16,-1.0
43,0,51,5,51,8.492179863147605,18,50.0,63.0,12,1.2246467991473532e-16,-1.0
44,0,56,6,56,27.382697947214073,42,51.0,50.0,12,1.2246467991473532e-16,-1.0
44,0,88,12,88,71.16324535679375,5,56.0,51.0,12,1.2246467991473532e-16,-1.0
49,0,14,5,14,78.05474095796676,44,88.0,56.0,12,1.2246467991473532e-16,-1.0
52,0,40,7,40,64.28396871945259,9,14.0,88.0,12,1.2246467991473532e-16,-1.0
57,0,45,9,45,98.8880742913001,41,40.0,14.0,12,1.2246467991473532e-16,-1.0
60,0,81,9,81,28.653470185728253,5,45.0,40.0,13,-0.2588190451025208,-0.9659258262890683
60,0,18,3,18,41.75219941348974,19,81.0,45.0,13,-0.2588190451025208,-0.9659258262890683
64,0,21,6,21,97.61730205278593,26,18.0,81.0,13,-0.2588190451025208,-0.9659258262890683
69,0,37,7,37,66.48338220918866,37,21.0,18.0,13,-0.2588190451025208,-0.9659258262890683
73,0,24,6,24,90.23704789833822,13,37.0,21.0,13,-0.2588190451025208,-0.9659258262890683
77,0,73,11,73,84.78739002932552,48,24.0,37.0,13,-0.2588190451025208,-0.9659258262890683
78,0,69,8,69,41.01906158357772,24,73.0,24.0,13,-0.2588190451025208,-0.9659258262890683
78,0,39,5,39,26.148582600195503,13,69.0,73.0,13,-0.2588190451025208,-0.9659258262890683
90,0,33,5,33,44.19599217986315,18,39.0,69.0,13,-0.2588190451025208,-0.9659258262890683
93,0,74,8,74,18.756109481915935,47,33.0,39.0,13,-0.2588190451025208,-0.9659258262890683
95,0,42,8,42,91.60557184750732,8,74.0,33.0,13,-0.2588190451025208,-0.9659258262890683
97,0,58,10,58,90.02932551319648,23,42.0,74.0,13,-0.2588190451025208,-0.9659258262890683
103,0,69,10,69,67.00879765395894,20,58.0,42.0,13,-0.2588190451025208,-0.9659258262890683
103,0,64,9,64,65.71358748778103,6,69.0,58.0,13,-0.2588190451025208,-0.9659258262890683
104,0,77,11,77,75.75757575757575,41,64.0,69.0,13,-0.2588190451025208,-0.9659258262890683
105,0,86,13,86,88.30645161290323,28,77.0,64.0,13,-0.2588190451025208,-0.9659258262890683
105,0,10,6,10,100.0,12,86.0,77.0,13,-0.2588190451025208,-0.9659258262890683
113,0,65,10,65,74.12023460410558,33,10.0,86.0,13,-0.2588190451025208,-0.9659258262890683
114,0,79,10,79,45.96774193548387,28,65.0,10.0,13,-0.2588190451025208,-0.9659258262890683
124,0,53,9,53,86.32697947214076,29,79.0,65.0,14,-0.4999999999999997,-0.8660254037844388
126,0,59,6,59,15.298142717497557,33,53.0,79.0,14,-0.4999999999999997,-0.8660254037844388
130,0,76,11,76,70.83333333333334,7,59.0,53.0,14,-0.4999999999999997,-0.8660254037844388
132,0,63,7,63,15.5791788856305,33,76.0,59.0,14,-0.4999999999999997,-0.8660254037844388
134,0,63,7,63,16.55669599217986,19,63.0,76.0,14,-0.4999999999999997,-0.8660254037844388
141,0,43,6,43,51.99169110459433,21,63.0,63.0,14,-0.4999999999999997,-0.8660254037844388
145,0,39,7,39,67.21652003910069,33,43.0,63.0,14,-0.4999999999999997,-0.8660254037844388
152,0,10,2,10,27.431573802541543,16,39.0,43.0,14,-0.4999999999999997,-0.8660254037844388
157,0,43,5,43,23.484848484848484,30,10.0,39.0,14,-0.4999999999999997,-0.8660254037844388
159,0,86,13,86,93.48729227761486,13,43.0,10.0,14,-0.4999999999999997,-0.8660254037844388
161,0,42,6,42,36.13147605083089,49,86.0,43.0,14,-0.4999999999999997,-0.8660254037844388
166,0,69,7,69,11.656891495601172,40,42.0,86.0,14,-0.4999999999999997,-0.8660254037844388
5,1,29,6,29,74.80449657869013,47,29.0,29.0,12,1.2246467991473532e-16,-1.0
6,1,26,3,26,26.62512218963832,14,29.0,29.0,12,1.2246467991473532e-16,-1.0
9,1,54,8,54,69.39149560117302,24,26.0,29.0,12,1.2246467991473532e-16,-1.0
10,1,16,3,16,37.21896383186706,19,54.0,26.0,12,1.2246467991473532e-16,-1.0
15,1,15,5,15,87.76881720430107,24,16.0,54.0,12,1.2246467991473532e-16,-1.0
20,1,89,9,89,16.27565982404692,24,15.0,16.0,12,1.2246467991473532e-16,-1.0
33,1,50,7,50,51.160801564027366,12,89.0,15.0,12,1.2246467991473532e-16,-1.0
37,1,33,5,33,44.20821114369502,38,50.0,89.0,12,1.2246467991473532e-16,-1.0
40,1,31,6,31,62.096774193548384,37,33.0,50.0,12,1.2246467991473532e-16,-1.0
45,1,20,5,20,70.12463343108504,15,31.0,33.0,12,1.2246467991473532e-16,-1.0
48,1,49,5,49,9.3475073313783,42,20.0,31.0,12,1.2246467991473532e-16,-1.0
49,1,49,6,49,30.755131964809383,23,49.0,20.0,12,1.2246467991473532e-16,-1.0
49,1,80,8,80,14.051808406647115,5,49.0,49.0,12,1.2246467991473532e-16,-1.0
54,1,77,11,77,85.09286412512219,27,80.0,49.0,12,1.2246467991473532e-16,-1.0
60,1,62,8,62,53.25024437927664,45,77.0,80.0,13,-0.2588190451025208,-0.9659258262890683
64,1,89,13,89,90.24926686217009,7,62.0,77.0,13,-0.2588190451025208,-0.9659258262890683
65,1,14,2,14,18.829423264907135,41,89.0,62.0,13,-0.2588190451025208,-0.9659258262890683
76,1,60,10,60,80.10752688172043,37,14.0,89.0,13,-0.2588190451025208,-0.9659258262890683
89,1,27,6,27,71.61534701857283,14,60.0,14.0,13,-0.2588190451025208,-0.9659258262890683
98,1,30,4,30,28.433528836754647,16,27.0,60.0,13,-0.2588190451025208,-0.9659258262890683
102,1,73,10,73,60.86265884652982,12,30.0,27.0,13,-0.2588190451025208,-0.9659258262890683
105,1,60,9,60,79.23998044965786,23,73.0,30.0,13,-0.2588190451025208,-0.9659258262890683
110,1,12,2,12,32.380254154447705,6,60.0,73.0,13,-0.2588190451025208,-0.9659258262890683
111,1,45,5,45,13.45307917888563,38,12.0,60.0,13,-0.2588190451025208,-0.9659258262890683
113,1,83,12,83,75.79423264907136,47,45.0,12.0,13,-0.2588190451025208,-0.9659258262890683
116,1,82,10,82,50.01221896383187,11,83.0,45.0,13,-0.2588190451025208,-0.9659258262890683
123,1,45,5,45,16.7644183773216,38,82.0,83.0,14,-0.4999999999999997,-0.8660254037844388
124,1,64,8,64,36.595796676441836,9,45.0,82.0,14,-0.4999999999999997,-0.8660254037844388
129,1,67,10,67,83.0522971652004,11,64.0,45.0,14,-0.4999999999999997,-0.8660254037844388
133,1,30,4,30,37.37781036168133,33,67.0,64.0,14,-0.4999999999999997,-0.8660254037844388
134,1,86,13,86,95.83333333333334,38,30.0,67.0,14,-0.4999999999999997,-0.8660254037844388
137,1,58,10,58,93.85386119257088,30,86.0,30.0,14,-0.4999999999999997,-0.8660254037844388
137,1,35,3,35,7.820136852394917,41,58.0,86.0,14,-0.4999999999999997,-0.8660254037844388
146,1,42,5,42,21.34652981427175,21,35.0,58.0,14,-0.4999999999999997,-0.8660254037844388
150,1,36,8,36,94.3670576735093,46,42.0,35.0,14,-0.4999999999999997,-0.8660254037844388
154,1,20,4,20,56.31720430107527,25,36.0,42.0,14,-0.4999999999999997,-0.8660254037844388
155,1,52,7,52,54.17888563049853,44,20.0,36.0,14,-0.4999999999999997,-0.8660254037844388
158,1,77,12,77,88.55083088954056,16,52.0,20.0,14,-0.4999999999999997,-0.8660254037844388
166,1,78,11,78,71.82306940371457,43,77.0,52.0,14,-0.4999999999999997,-0.8660254037844388
2,2,81,10,81,54.99755620723362,49,81.0,81.0,12,1.2246467991473532e-16,-1.0
4,2,26,3,26,26.307429130009773,30,81.0,81.0,12,1.2246467991473532e-16,-1.0
13,2,24,2,24,6.744868035190615,13,26.0,81.0,12,1.2246467991473532e-16,-1.0
13,2,62,9,62,75.61094819159335,45,24.0,26.0,12,1.2246467991473532e-16,-1.0
15,2,89,13,89,99.31573802541544,47,62.0,24.0,12,1.2246467991473532e-16,-1.0
16,2,51,8,51,68.15738025415445,38,89.0,62.0,12,1.2246467991473532e-16,-1.0
22,2,52,9,52,79.72873900293254,42,51.0,89.0,12,1.2246467991473532e-16,-1.0
28,2,41,7,41,61.253665689149564,27,52.0,51.0,12,1.2246467991473532e-16,-1.0
29,2,55,6,55,14.540566959921799,5,41.0,52.0,12,1.2246467991473532e-16,-1.0
30,2,31,6,31,76.75953079178885,19,55.0,41.0,12,1.2246467991473532e-16,-1.0
31,2,16,4,16,58.62658846529815,16,31.0,55.0,12,1.2246467991473532e-16,-1.0
36,2,70,7,70,18.866080156402738,45,16.0,31.0,12,1.2246467991473532e-16,-1.0
39,2,60,10,60,98.17937438905182,26,70.0,16.0,12,1.2246467991473532e-16,-1.0
51,2,46,8,46,72.00635386119258,39,60.0,70.0,12,1.2246467991473532e-16,-1.0
55,2,17,6,17,88.37976539589442,11,46.0,60.0,12,1.2246467991473532e-16,-1.0
56,2,77,8,77,24.58455522971652,21,17.0,46.0,12,1.2246467991473532e-16,-1.0
59,2,29,5,29,47.10410557184751,21,77.0,17.0,12,1.2246467991473532e-16,-1.0
59,2,36,5,36,35.26392961876833,17,29.0,77.0,12,1.2246467991473532e-16,-1.0
59,2,41,6,41,39.23509286412512,7,36.0,29.0,12,1.2246467991473532e-16,-1.0
62,2,17,5,17,76.57624633431085,38,41.0,36.0,13,-0.2588190451025208,-0.9659258262890683
62,2,59,9,59,64.77272727272727,49,17.0,41.0,13,-0.2588190451025208,-0.9659258262890683
63,2,86,9,86,19.403714565004886,12,59.0,17.0,13,-0.2588190451025208,-0.9659258262890683
69,2,10,3,10,58.49217986314761,10,86.0,59.0,13,-0.2588190451025208,-0.9659258262890683
69,2,46,5,46,27.174975562072333,32,10.0,86.0,13,-0.2588190451025208,-0.9659258262890683
70,2,86,10,86,47.49511241446726,12,46.0,10.0,13,-0.2588190451025208,-0.9659258262890683
73,2,38,5,38,29.521016617790814,20,86.0,46.0,13,-0.2588190451025208,-0.9659258262890683
76,2,86,10,86,37.891006842619745,6,38.0,86.0,13,-0.2588190451025208,-0.9659258262890683
77,2,22,5,22,64.74828934506354,15,86.0,38.0,13,-0.2588190451025208,-0.9659258262890683
84,2,12,2,12,26.392961876832842,6,22.0,86.0,13,-0.2588190451025208,-0.9659258262890683
84,2,60,10,60,91.32453567937439,24,12.0,22.0,13,-0.2588190451025208,-0.9659258262890683
89,2,23,2,23,13.282013685239491,28,60.0,12.0,13,-0.2588190451025208,-0.9659258262890683
91,2,22,4,22,39.49169110459433,33,23.0,60.0,13,-0.2588190451025208,-0.9659258262890683
94,2,48,6,48,33.33333333333333,25,22.0,23.0,13,-0.2588190451025208,-0.9659258262890683
98,2,18,3,18,26.28299120234604,24,48.0,22.0,13,-0.2588190451025208,-0.9659258262890683
104,2,47,8,47,76.78396871945259,10,18.0,48.0,13,-0.2588190451025208,-0.9659258262890683
104,2,13,5,13,92.0576735092864,29,47.0,18.0,13,-0.2588190451025208,-0.9659258262890683
110,2,85,12,85,70.10019550342132,13,13.0,47.0,13,-0.2588190451025208,-0.9659258262890683
112,2,86,11,86,49.767839687194524,14,85.0,13.0,13,-0.2588190451025208,-0.9659258262890683
113,2,81,11,81,67.59530791788856,27,86.0,85.0,13,-0.2588190451025208,-0.9659258262890683
113,2,52,8,52,60.312805474095796,15,81.0,86.0,13,-0.2588190451025208,-0.9659258262890683
114,2,10,3,10,51.515151515151516,30,52.0,81.0,13,-0.2588190451025208,-0.9659258262890683
116,2,79,11,79,80.6329423264907,44,10.0,52.0,13,-0.2588190451025208,-0.9659258262890683
117,2,25,6,25,72.67839687194527,45,79.0,10.0,13,-0.2588190451025208,-0.9659258262890683
118,2,47,5,47,23.936950146627566,34,25.0,79.0,13,-0.2588190451025208,-0.9659258262890683
118,2,66,7,66,14.442815249266863,24,47.0,25.0,13,-0.2588190451025208,-0.9659258262890683
125,2,60,9,60,77.10166177908113,21,66.0,47.0,14,-0.4999999999999997,-0.8660254037844388
125,2,87,12,87,76.20967741935483,16,60.0,66.0,14,-0.4999999999999997,-0.8660254037844388
126,2,55,8,55,67.96187683284457,14,87.0,60.0,14,-0.4999999999999997,-0.8660254037844388
129,2,54,6,54,15.73802541544477,46,55.0,87.0,14,-0.4999999999999997,-0.8660254037844388
132,2,19,6,19,92.8030303030303,23,54.0,55.0,14,-0.4999999999999997,-0.8660254037844388
139,2,61,7,61,18.536168132942326,28,19.0,54.0,14,-0.4999999999999997,-0.8660254037844388
150,2,45,8,45,73.8147605083089,17,61.0,19.0,14,-0.4999999999999997,-0.8660254037844388
154,2,34,7,34,82.75904203323559,38,45.0,61.0,14,-0.4999999999999997,-0.8660254037844388
164,2,81,9,81,18.31622678396872,9,34.0,45.0,14,-0.4999999999999997,-0.8660254037844388
166,2,89,9,89,6.598240469208211,17,81.0,34.0,14,-0.4999999999999997,-0.8660254037844388
8,3,15,3,15,46.89638318670577,7,15.0,15.0,12,1.2246467991473532e-16,-1.0
10,3,69,9,69,49.30351906158358,42,15.0,15.0,12,1.2246467991473532e-16,-1.0
21,3,51,9,51,89.90713587487781,27,69.0,15.0,12,1.2246467991473532e-16,-1.0
25,3,72,7,72,11.204789833822092,45,51.0,69.0,12,1.2246467991473532e-16,-1.0
25,3,53,10,53,95.54007820136853,31,72.0,51.0,12,1.2246467991473532e-16,-1.0
27,3,81,11,81,62.74437927663734,31,53.0,72.0,12,1.2246467991473532e-16,-1.0
32,3,37,8,37,99.86559139784946,27,81.0,53.0,12,1.2246467991473532e-16,-1.0
34,3,13,5,13,80.25415444770283,42,37.0,81.0,12,1.2246467991473532e-16,-1.0
37,3,43,7,43,72.21407624633432,19,13.0,37.0,12,1.2246467991473532e-16,-1.0
39,3,74,8,74,21.02883675464321,41,43.0,13.0,12,1.2246467991473532e-16,-1.0
40,3,55,9,55,77.08944281524927,48,74.0,43.0,12,1.2246467991473532e-16,-1.0
40,3,65,10,65,84.68963831867057,31,55.0,74.0,12,1.2246467991473532e-16,-1.0
40,3,82,9,82,26.209677419354836,33,65.0,55.0,12,1.2246467991473532e-16,-1.0
46,3,43,9,43,99.36461388074291,27,82.0,65.0,12,1.2246467991473532e-16,-1.0
55,3,45,5,45,25.391006842619745,42,43.0,82.0,12,1.2246467991473532e-16,-1.0
57,3,89,13,89,93.47507331378299,36,45.0,43.0,12,1.2246467991473532e-16,-1.0
58,3,69,9,69,43.64613880742913,24,89.0,45.0,12,1.2246467991473532e-16,-1.0
58,3,30,6,30,61.98680351906158,31,69.0,89.0,12,1.2246467991473532e-16,-1.0
60,3,81,12,81,90.89687194525904,8,30.0,69.0,13,-0.2588190451025208,-0.9659258262890683
64,3,35,4,35,25.427663734115345,16,81.0,30.0,13,-0.2588190451025208,-0.9659258262890683
65,3,26,5,26,57.881231671554254,6,35.0,81.0,13,-0.2588190451025208,-0.9659258262890683
66,3,15,2,15,22.59286412512219,34,26.0,35.0,13,-0.2588190451025208,-0.9659258262890683
67,3,61,10,61,91.97214076246334,14,15.0,26.0,13,-0.2588190451025208,-0.9659258262890683
71,3,22,5,22,64.16177908113391,17,61.0,15.0,13,-0.2588190451025208,-0.9659258262890683
74,3,75,8,75,12.29227761485826,33,22.0,61.0,13,-0.2588190451025208,-0.9659258262890683
75,3,33,6,33,58.63880742913001,17,75.0,22.0,13,-0.2588190451025208,-0.9659258262890683
75,3,34,6,34,62.035679374389055,19,33.0,75.0,13,-0.2588190451025208,-0.9659258262890683
76,3,71,7,71,11.999022482893452,32,34.0,33.0,13,-0.2588190451025208,-0.9659258262890683
81,3,76,10,76,55.16862170087976,44,71.0,34.0,13,-0.2588190451025208,-0.9659258262890683
82,3,51,7,51,49.621212121212125,20,76.0,71.0,13,-0.2588190451025208,-0.9659258262890683
87,3,37,4,37,10.960410557184751,16,51.0,76.0,13,-0.2588190451025208,-0.9659258262890683
89,3,58,8,58,49.80449657869013,43,37.0,51.0,13,-0.2588190451025208,-0.9659258262890683
97,3,54,8,54,58.99315738025416,41,58.0,37.0,13,-0.2588190451025208,-0.9659258262890683
100,3,54,7,54,50.08553274682307,6,54.0,58.0,13,-0.2588190451025208,-0.9659258262890683
100,3,78,12,78,88.12316715542522,11,54.0,54.0,13,-0.2588190451025208,-0.9659258262890683
103,3,57,10,57,88.90518084066471,19,78.0,54.0,13,-0.2588190451025208,-0.9659258262890683
106,3,70,10,70,67.43646138807429,30,57.0,78.0,13,-0.2588190451025208,-0.9659258262890683
109,3,15,2,15,15.689149560117302,7,70.0,57.0,13,-0.2588190451025208,-0.9659258262890683
111,3,54,6,54,25.32991202346041,31,15.0,70.0,13,-0.2588190451025208,-0.9659258262890683
122,3,79,10,79,46.33431085043988,16,54.0,15.0,14,-0.4999999999999997,-0.8660254037844388
122,3,40,8,40,86.76686217008798,31,79.0,54.0,14,-0.4999999999999997,-0.8660254037844388
126,3,33,7,33,79.70430107526882,38,40.0,79.0,14,-0.4999999999999997,-0.8660254037844388
138,3,29,4,29,23.057184750733136,9,33.0,40.0,14,-0.4999999999999997,-0.8660254037844388
147,3,11,3,11,42.375366568914956,17,29.0,33.0,14,-0.4999999999999997,-0.8660254037844388
148,3,40,7,40,73.11827956989248,28,11.0,29.0,14,-0.4999999999999997,-0.8660254037844388
153,3,51,9,51,84.88514173998045,29,40.0,11.0,14,-0.4999999999999997,-0.8660254037844388
0,4,57,9,57,83.2355816226784,9,57.0,57.0,12,1.2246467991473532e-16,-1.0
6,4,74,11,74,73.76588465298143,42,57.0,57.0,12,1.2246467991473532e-16,-1.0
9,4,45,7,45,53.2258064516129,47,74.0,57.0,12,1.2246467991473532e-16,-1.0
10,4,79,8,79,9.05425219941349,40,45.0,74.0,12,1.2246467991473532e-16,-1.0
14,4,35,4,35,24.865591397849464,41,79.0,45.0,12,1.2246467991473532e-16,-1.0
22,4,20,5,20,75.08553274682306,33,35.0,79.0,12,1.2246467991473532e-16,-1.0
25,4,63,8,63,42.631964809384165,7,20.0,35.0,12,1.2246467991473532e-16,-1.0
32,4,34,6,34,71.85972629521017,32,63.0,20.0,12,1.2246467991473532e-16,-1.0
36,4,29,7,29,85.80156402737047,17,34.0,63.0,12,1.2246467991473532e-16,-1.0
37,4,31,6,31,63.95405669599218,14,29.0,34.0,12,1.2246467991473532e-16,-1.0
40,4,52,6,52,35.60606060606061,9,31.0,29.0,12,1.2246467991473532e-16,-1.0
40,4,74,10,74,64.03958944281524,34,52.0,31.0,12,1.2246467991473532e-16,-1.0
46,4,77,10,77,54.28885630498533,46,74.0,52.0,12,1.2246467991473532e-16,-1.0
52,4,88,12,88,83.18670576735093,34,77.0,74.0,12,1.2246467991473532e-16,-1.0
55,4,69,8,69,27.993646138807428,28,88.0,77.0,12,1.2246467991473532e-16,-1.0
56,4,10,5,10,90.35923753665689,25,69.0,88.0,12,1.2246467991473532e-16,-1.0
56,4,83,10,83,38.660801564027366,19,10.0,69.0,12,1.2246467991473532e-16,-1.0
58,4,33,7,33,76.0752688172043,8,83.0,10.0,12,1.2246467991473532e-16,-1.0
61,4,41,6,41,40.09042033235581,15,33.0,83.0,13,-0.2588190451025208,-0.9659258262890683
65,4,19,3,19,35.52052785923754,44,41.0,33.0,13,-0.2588190451025208,-0.9659258262890683
68,4,38,5,38,41.64222873900293,25,19.0,41.0,13,-0.2588190451025208,-0.9659258262890683
68,4,57,9,57,68.41397849462365,10,38.0,19.0,13,-0.2588190451025208,-0.9659258262890683
76,4,47,6,47,44.59921798631476,33,57.0,38.0,13,-0.2588190451025208,-0.9659258262890683
78,4,57,10,57,86.3147605083089,37,47.0,57.0,13,-0.2588190451025208,-0.9659258262890683
84,4,86,8,86,6.414956011730205,27,57.0,47.0,13,-0.2588190451025208,-0.9659258262890683
85,4,29,5,29,47.27517106549365,12,86.0,57.0,13,-0.2588190451025208,-0.9659258262890683
86,4,29,4,29,31.964809384164223,17,29.0,86.0,13,-0.2588190451025208,-0.9659258262890683
88,4,28,3,28,23.497067448680355,26,29.0,29.0,13,-0.2588190451025208,-0.9659258262890683
95,4,75,10,75,51.39296187683284,24,28.0,29.0,13,-0.2588190451025208,-0.9659258262890683
96,4,50,6,50,22.226295210166178,14,75.0,28.0,13,-0.2588190451025208,-0.9659258262890683
98,4,77,12,77,86.69354838709677,12,50.0,75.0,13,-0.2588190451025208,-0.9659258262890683
103,4,35,7,35,73.08162267839687,40,77.0,50.0,13,-0.2588190451025208,-0.9659258262890683
107,4,53,10,53,99.30351906158357,24,35.0,77.0,13,-0.2588190451025208,-0.9659258262890683
107,4,89,10,89,24.74340175953079,33,53.0,35.0,13,-0.2588190451025208,-0.9659258262890683
111,4,64,10,64,91.12903225806451,18,89.0,53.0,13,-0.2588190451025208,-0.9659258262890683
113,4,55,9,55,87.73216031280548,42,64.0,89.0,13,-0.2588190451025208,-0.9659258262890683
114,4,45,6,45,45.00244379276637,28,55.0,64.0,13,-0.2588190451025208,-0.9659258262890683
116,4,21,6,21,78.03030303030303,36,45.0,55.0,13,-0.2588190451025208,-0.9659258262890683
119,4,67,7,67,13.196480938416421,19,21.0,45.0,13,-0.2588190451025208,-0.9659258262890683
119,4,48,5,48,6.805962854349951,32,67.0,21.0,13,-0.2588190451025208,-0.9659258262890683
121,4,74,12,74,96.15102639296188,35,48.0,67.0,14,-0.4999999999999997,-0.8660254037844388
123,4,46,9,46,89.41837732160313,11,74.0,48.0,14,-0.4999999999999997,-0.8660254037844388
124,4,53,5,53,12.854349951124144,11,46.0,74.0,14,-0.4999999999999997,-0.8660254037844388
128,4,84,11,84,59.81182795698925,32,53.0,46.0,14,-0.4999999999999997,-0.8660254037844388
133,4,28,6,28,71.27321603128055,10,84.0,53.0,14,-0.4999999999999997,-0.8660254037844388
138,4,82,12,82,92.48533724340176,46,28.0,84.0,14,-0.4999999999999997,-0.8660254037844388
144,4,21,5,21,61.00928641251222,38,82.0,28.0,14,-0.4999999999999997,-0.8660254037844388
145,4,10,5,10,97.91055718475073,27,21.0,82.0,14,-0.4999999999999997,-0.8660254037844388
145,4,76,10,76,64.36950146627566,14,10.0,21.0,14,-0.4999999999999997,-0.8660254037844388
148,4,47,6,47,26.94281524926686,33,76.0,10.0,14,-0.4999999999999997,-0.8660254037844388
149,4,58,10,58,89.29618768328446,47,47.0,76.0,14,-0.4999999999999997,-0.8660254037844388
155,4,40,7,40,62.69550342130987,34,58.0,47.0,14,-0.4999999999999997,-0.8660254037844388
160,4,86,10,86,36.082600195503424,16,40.0,58.0,14,-0.4999999999999997,-0.8660254037844388
164,4,53,8,53,54.227761485826,36,86.0,40.0,14,-0.4999999999999997,-0.8660254037844388
165,4,85,13,85,92.50977517106548,27,53.0,86.0,14,-0.4999999999999997,-0.8660254037844388
2,5,79,11,79,67.35092864125122,23,79.0,79.0,12,1.2246467991473532e-16,-1.0
2,5,26,6,26,83.47996089931574,33,79.0,79.0,12,1.2246467991473532e-16,-1.0
4,5,89,9,89,14.650537634408604,21,26.0,79.0,12,1.2246467991473532e-16,-1.0
11,5,26,3,26,10.520527859237538,26,89.0,26.0,12,1.2246467991473532e-16,-1.0
15,5,18,6,18,85.55718475073314,6,26.0,89.0,12,1.2246467991473532e-16,-1.0
23,5,21,5,21,75.0,18,18.0,26.0,12,1.2246467991473532e-16,-1.0
24,5,47,5,47,25.08553274682307,27,21.0,18.0,12,1.2246467991473532e-16,-1.0
24,5,79,9,79,32.64907135874878,22,47.0,21.0,12,1.2246467991473532e-16,-1.0
24,5,70,8,70,22.116324535679375,16,79.0,47.0,12,1.2246467991473532e-16,-1.0
27,5,35,4,35,16.165689149560116,44,70.0,79.0,12,1.2246467991473532e-16,-1.0
28,5,19,4,19,48.497067448680355,12,35.0,70.0,12,1.2246467991473532e-16,-1.0
29,5,35,4,35,17.656402737047898,30,19.0,35.0,12,1.2246467991473532e-16,-1.0
33,5,49,8,49,67.28983382209188,18,35.0,19.0,12,1.2246467991473532e-16,-1.0
42,5,44,8,44,78.09139784946237,18,49.0,35.0,12,1.2246467991473532e-16,-1.0
44,5,61,8,61,44.880254154447705,30,44.0,49.0,12,1.2246467991473532e-16,-1.0
50,5,86,12,86,78.0425219941349,32,61.0,44.0,12,1.2246467991473532e-16,-1.0
57,5,45,5,45,28.946725317693062,25,86.0,61.0,12,1.2246467991473532e-16,-1.0
59,5,85,11,85,62.14565004887586,43,45.0,86.0,12,1.2246467991473532e-16,-1.0
66,5,82,10,82,37.817693059628546,21,85.0,45.0,13,-0.2588190451025208,-0.9659258262890683
67,5,84,13,84,92.0576735092864,29,82.0,85.0,13,-0.2588190451025208,-0.9659258262890683
69,5,73,11,73,88.58748778103617,9,84.0,82.0,13,-0.2588190451025208,-0.9659258262890683
70,5,57,9,57,73.02052785923753,32,73.0,84.0,13,-0.2588190451025208,-0.9659258262890683
84,5,22,2,22,10.019550342130987,8,57.0,73.0,13,-0.2588190451025208,-0.9659258262890683
85,5,17,5,17,77.297165200391,48,22.0,57.0,13,-0.2588190451025208,-0.9659258262890683
85,5,25,4,25,30.975073313782993,22,17.0,22.0,13,-0.2588190451025208,-0.9659258262890683
87,5,36,7,36,75.366568914956,40,25.0,17.0,13,-0.2588190451025208,-0.9659258262890683
88,5,50,7,50,44.073802541544474,37,36.0,25.0,13,-0.2588190451025208,-0.9659258262890683
91,5,11,5,11,83.78543499511241,18,50.0,36.0,13,-0.2588190451025208,-0.9659258262890683
91,5,35,4,35,19.56256109481916,43,11.0,50.0,13,-0.2588190451025208,-0.9659258262890683
93,5,77,9,77,37.82991202346041,30,35.0,11.0,13,-0.2588190451025208,-0.9659258262890683
95,5,42,6,42,44.37927663734115,34,77.0,35.0,13,-0.2588190451025208,-0.9659258262890683
96,5,10,3,10,41.70332355816227,30,42.0,77.0,13,-0.2588190451025208,-0.9659258262890683
97,5,66,10,66,82.9423264907136,37,10.0,42.0,13,-0.2588190451025208,-0.9659258262890683
101,5,83,9,83,26.64956011730205,30,66.0,10.0,13,-0.2588190451025208,-0.9659258262890683
105,5,16,1,16,7.575757575757576,11,83.0,66.0,13,-0.2588190451025208,-0.9659258262890683
106,5,47,6,47,36.81573802541544,28,16.0,83.0,13,-0.2588190451025208,-0.9659258262890683
112,5,23,4,23,45.79667644183773,44,47.0,16.0,13,-0.2588190451025208,-0.9659258262890683
115,5,10,2,10,25.46432062561095,38,23.0,47.0,13,-0.2588190451025208,-0.9659258262890683
117,5,74,9,74,37.93988269794721,29,10.0,23.0,13,-0.2588190451025208,-0.9659258262890683
120,5,20,6,20,97.73949169110459,41,74.0,10.0,14,-0.4999999999999997,-0.8660254037844388
121,5,17,6,17,87.6466275659824,37,20.0,74.0,14,-0.4999999999999997,-0.8660254037844388
121,5,37,5,37,32.196969696969695,34,17.0,20.0,14,-0.4999999999999997,-0.8660254037844388
123,5,31,6,31,77.50488758553274,8,37.0,17.0,14,-0.4999999999999997,-0.8660254037844388
126,5,73,8,73,17.6197458455523,47,31.0,37.0,14,-0.4999999999999997,-0.8660254037844388
127,5,11,4,11,74.93890518084066,25,73.0,31.0,14,-0.4999999999999997,-0.8660254037844388
127,5,24,6,24,88.22091886608015,11,11.0,73.0,14,-0.4999999999999997,-0.8660254037844388
134,5,41,8,41,91.09237536656892,42,24.0,11.0,14,-0.4999999999999997,-0.8660254037844388
136,5,10,5,10,84.33528836754644,49,41.0,24.0,14,-0.4999999999999997,-0.8660254037844388
137,5,25,7,25,95.52785923753666,30,10.0,41.0,14,-0.4999999999999997,-0.8660254037844388
141,5,68,10,68,65.09042033235582,33,25.0,10.0,14,-0.4999999999999997,-0.8660254037844388
142,5,66,10,66,86.5347018572825,38,68.0,25.0,14,-0.4999999999999997,-0.8660254037844388
143,5,27,5,27,63.85630498533724,11,66.0,68.0,14,-0.4999999999999997,-0.8660254037844388
143,5,19,3,19,41.80107526881721,5,27.0,66.0,14,-0.4999999999999997,-0.8660254037844388
144,5,36,4,36,24.70674486803519,44,19.0,27.0,14,-0.4999999999999997,-0.8660254037844388
149,5,35,7,35,80.85288367546431,10,36.0,19.0,14,-0.4999999999999997,-0.8660254037844388
154,5,52,6,52,34.090909090909086,42,35.0,36.0,14,-0.4999999999999997,-0.8660254037844388
159,5,89,11,89,45.00244379276637,31,52.0,35.0,14,-0.4999999999999997,-0.8660254037844388
161,5,24,5,24,64.01515151515152,12,89.0,52.0,14,-0.4999999999999997,-0.8660254037844388
0,6,26,5,26,61.14369501466276,8,26.0,26.0,12,1.2246467991473532e-16,-1.0
1,6,34,5,34,50.0733137829912,44,26.0,26.0,12,1.2246467991473532e-16,-1.0
5,6,45,9,45,97.33626588465299,36,34.0,26.0,12,1.2246467991473532e-16,-1.0
7,6,74,9,74,40.22482893450635,41,45.0,34.0,12,1.2246467991473532e-16,-1.0
10,6,32,6,32,59.67741935483871,11,74.0,45.0,12,1.2246467991473532e-16,-1.0
12,6,63,6,63,11.180351906158357,7,32.0,74.0,12,1.2246467991473532e-16,-1.0
12,6,81,10,81,39.30840664711632,24,63.0,32.0,12,1.2246467991473532e-16,-1.0
16,6,79,9,79,30.86510263929619,34,81.0,63.0,12,1.2246467991473532e-16,-1.0
18,6,25,6,25,80.48631476050831,25,79.0,81.0,12,1.2246467991473532e-16,-1.0
20,6,56,5,56,7.233626588465299,23,25.0,79.0,12,1.2246467991473532e-16,-1.0
23,6,69,8,69,31.47605083088954,11,56.0,25.0,12,1.2246467991473532e-16,-1.0
24,6,36,4,36,11.87683284457478,29,69.0,56.0,12,1.2246467991473532e-16,-1.0
25,6,31,3,31,14.308406647116326,41,36.0,69.0,12,1.2246467991473532e-16,-1.0
27,6,21,6,21,78.50684261974584,10,31.0,36.0,12,1.2246467991473532e-16,-1.0
34,6,39,8,39,87.92766373411534,32,21.0,31.0,12,1.2246467991473532e-16,-1.0
34,6,48,7,48,51.2218963831867,8,39.0,21.0,12,1.2246467991473532e-16,-1.0
35,6,87,11,87,53.64125122189638,44,48.0,39.0,12,1.2246467991473532e-16,-1.0
39,6,49,9,49,91.14125122189638,14,87.0,48.0,12,1.2246467991473532e-16,-1.0
47,6,53,6,53,14.479472140762464,34,49.0,87.0,12,1.2246467991473532e-16,-1.0
52,6,19,6,19,99.02248289345064,45,53.0,49.0,12,1.2246467991473532e-16,-1.0
53,6,84,10,84,37.07233626588465,37,19.0,53.0,12,1.2246467991473532e-16,-1.0
73,6,46,8,46,83.61436950146629,45,84.0,19.0,13,-0.2588190451025208,-0.9659258262890683
74,6,84,9,84,21.981915933528835,25,46.0,84.0,13,-0.2588190451025208,-0.9659258262890683
78,6,84,10,84,47.64173998044966,9,84.0,46.0,13,-0.2588190451025208,-0.9659258262890683
80,6,11,1,11,14.430596285434996,35,84.0,84.0,13,-0.2588190451025208,-0.9659258262890683
90,6,55,9,55,75.19550342130987,15,11.0,84.0,13,-0.2588190451025208,-0.9659258262890683
92,6,15,6,15,96.01661779081134,49,55.0,11.0,13,-0.2588190451025208,-0.9659258262890683
94,6,72,11,72,79.14222873900293,44,15.0,55.0,13,-0.2588190451025208,-0.9659258262890683
100,6,36,5,36,43.572825024437925,28,72.0,15.0,13,-0.2588190451025208,-0.9659258262890683
101,6,60,10,60,99.37683284457478,26,36.0,72.0,13,-0.2588190451025208,-0.9659258262890683
108,6,78,8,78,9.88514173998045,23,60.0,36.0,13,-0.2588190451025208,-0.9659258262890683
111,6,53,8,53,67.22873900293254,6,78.0,60.0,13,-0.2588190451025208,-0.9659258262890683
117,6,33,4,33,31.036168132942326,24,53.0,78.0,13,-0.2588190451025208,-0.9659258262890683
123,6,89,13,89,89.6871945259042,19,33.0,53.0,14,-0.4999999999999997,-0.8660254037844388
142,6,77,11,77,75.45210166177908,15,89.0,33.0,14,-0.4999999999999997,-0.8660254037844388
143,6,40,5,40,24.682306940371458,32,77.0,89.0,14,-0.4999999999999997,-0.8660254037844388
144,6,18,5,18,73.7414467253177,49,40.0,77.0,14,-0.4999999999999997,-0.8660254037844388
147,6,21,5,21,61.00928641251222,38,18.0,40.0,14,-0.4999999999999997,-0.8660254037844388
153,6,69,11,69,98.91251221896383,47,21.0,18.0,14,-0.4999999999999997,-0.8660254037844388
155,6,88,11,88,49.31573802541544,29,69.0,21.0,14,-0.4999999999999997,-0.8660254037844388
156,6,64,7,64,22.71505376344086,25,88.0,69.0,14,-0.4999999999999997,-0.8660254037844388
157,6,63,7,63,22.177419354838708,35,64.0,88.0,14,-0.4999999999999997,-0.8660254037844388
0,7,81,9,81,25.317693059628542,40,81.0,81.0,12,1.2246467991473532e-16,-1.0
1,7,47,8,47,84.46969696969697,45,81.0,81.0,12,1.2246467991473532e-16,-1.0
1,7,58,8,58,54.692082111436946,19,47.0,81.0,12,1.2246467991473532e-16,-1.0
2,7,51,8,51,75.94086021505376,7,58.0,47.0,12,1.2246467991473532e-16,-1.0
3,7,81,10,81,44.66031280547409,39,51.0,58.0,12,1.2246467991473532e-16,-1.0
9,7,36,8,36,97.8128054740958,41,81.0,51.0,12,1.2246467991473532e-16,-1.0
15,7,46,8,46,70.05131964809385,25,36.0,81.0,12,1.2246467991473532e-16,-1.0
18,7,69,8,69,26.869501466275658,17,46.0,36.0,12,1.2246467991473532e-16,-1.0
19,7,86,8,86,7.80791788856305,6,69.0,46.0,12,1.2246467991473532e-16,-1.0
21,7,70,11,70,96.38318670576736,41,86.0,69.0,12,1.2246467991473532e-16,-1.0
27,7,34,5,34,32.795698924731184,20,70.0,86.0,12,1.2246467991473532e-16,-1.0
27,7,79,9,79,40.16373411534702,40,34.0,70.0,12,1.2246467991473532e-16,-1.0
29,7,60,7,60,38.80742913000977,25,79.0,34.0,12,1.2246467991473532e-16,-1.0
35,7,71,10,71,75.8553274682307,31,60.0,79.0,12,1.2246467991473532e-16,-1.0
39,7,60,8,60,42.57086999022483,24,71.0,60.0,12,1.2246467991473532e-16,-1.0
48,7,14,1,14,8.492179863147605,29,60.0,71.0,12,1.2246467991473532e-16,-1.0
51,7,43,7,43,65.01710654936461,11,14.0,60.0,12,1.2246467991473532e-16,-1.0
53,7,49,8,49,69.8069403714565,38,43.0,14.0,12,1.2246467991473532e-16,-1.0
55,7,37,4,37,11.864613880742914,42,49.0,43.0,12,1.2246467991473532e-16,-1.0
61,7,61,9,61,77.27272727272727,5,37.0,49.0,13,-0.2588190451025208,-0.9659258262890683
63,7,61,9,61,63.24535679374389,6,61.0,37.0,13,-0.2588190451025208,-0.9659258262890683
67,7,41,7,41,66.70332355816227,20,61.0,61.0,13,-0.2588190451025208,-0.9659258262890683
70,7,11,3,11,56.65933528836755,40,41.0,61.0,13,-0.2588190451025208,-0.9659258262890683
71,7,27,5,27,48.0327468230694,8,11.0,41.0,13,-0.2588190451025208,-0.9659258262890683
72,7,46,7,46,53.922287390029325,36,27.0,11.0,13,-0.2588190451025208,-0.9659258262890683
73,7,34,6,34,61.70576735092864,18,46.0,27.0,13,-0.2588190451025208,-0.9659258262890683
76,7,75,9,75,45.30791788856305,37,34.0,46.0,13,-0.2588190451025208,-0.9659258262890683
77,7,60,10,60,90.51808406647116,41,75.0,34.0,13,-0.2588190451025208,-0.9659258262890683
80,7,63,8,63,52.39491691104594,39,60.0,75.0,13,-0.2588190451025208,-0.9659258262890683
82,7,16,4,16,60.43499511241447,25,63.0,60.0,13,-0.2588190451025208,-0.9659258262890683
82,7,76,12,76,90.5425219941349,31,16.0,63.0,13,-0.2588190451025208,-0.9659258262890683
85,7,18,6,18,97.58064516129032,7,76.0,16.0,13,-0.2588190451025208,-0.9659258262890683
99,7,60,6,60,14.565004887585534,6,18.0,76.0,13,-0.2588190451025208,-0.9659258262890683
103,7,54,10,54,95.4423264907136,13,60.0,18.0,13,-0.2588190451025208,-0.9659258262890683
106,7,35,6,35,57.71016617790812,29,54.0,60.0,13,-0.2588190451025208,-0.9659258262890683
116,7,22,5,22,58.49217986314761,9,35.0,54.0,13,-0.2588190451025208,-0.9659258262890683
118,7,75,9,75,47.10410557184751,36,22.0,35.0,13,-0.2588190451025208,-0.9659258262890683
129,7,38,7,38,65.98240469208211,15,75.0,22.0,14,-0.4999999999999997,-0.8660254037844388
136,7,73,9,73,34.860703812316714,29,38.0,75.0,14,-0.4999999999999997,-0.8660254037844388
137,7,82,12,82,91.52003910068426,27,73.0,38.0,14,-0.4999999999999997,-0.8660254037844388
139,7,30,7,30,83.3088954056696,40,82.0,73.0,14,-0.4999999999999997,-0.8660254037844388
140,7,65,10,65,74.9633431085044,35,30.0,82.0,14,-0.4999999999999997,-0.8660254037844388
141,7,18,2,18,16.300097751710656,45,65.0,30.0,14,-0.4999999999999997,-0.8660254037844388
141,7,27,4,27,37.17008797653959,40,18.0,65.0,14,-0.4999999999999997,-0.8660254037844388
154,7,25,4,25,47.07966764418378,16,27.0,18.0,14,-0.4999999999999997,-0.8660254037844388
156,7,64,9,64,52.74926686217009,26,25.0,27.0,14,-0.4999999999999997,-0.8660254037844388
156,7,73,9,73,34.50635386119257,12,64.0,25.0,14,-0.4999999999999997,-0.8660254037844388
158,7,39,5,39,29.398826979472144,40,73.0,64.0,14,-0.4999999999999997,-0.8660254037844388
160,7,10,5,10,87.74437927663735,14,39.0,73.0,14,-0.4999999999999997,-0.8660254037844388
163,7,46,5,46,23.24046920821114,31,10.0,39.0,14,-0.4999999999999997,-0.8660254037844388
163,7,88,12,88,81.35386119257088,8,46.0,10.0,14,-0.4999999999999997,-0.8660254037844388
166,7,43,5,43,17.949657869012707,33,88.0,46.0,14,-0.4999999999999997,-0.8660254037844388
9,8,54,8,54,56.280547409579675,19,54.0,54.0,12,1.2246467991473532e-16,-1.0
10,8,39,8,39,99.81671554252199,35,54.0,54.0,12,1.2246467991473532e-16,-1.0
10,8,35,6,35,62.65884652981427,18,39.0,54.0,12,1.2246467991473532e-16,-1.0
11,8,57,9,57,66.67888563049853,38,35.0,39.0,12,1.2246467991473532e-16,-1.0
14,8,41,8,41,95.83333333333334,5,57.0,35.0,12,1.2246467991473532e-16,-1.0
26,8,49,6,49,32.66129032258064,13,41.0,57.0,12,1.2246467991473532e-16,-1.0
28,8,20,2,20,14.78494623655914,26,49.0,41.0,12,1.2246467991473532e-16,-1.0
36,8,77,9,77,33.736559139784944,34,20.0,49.0,12,1.2246467991473532e-16,-1.0
36,8,57,9,57,75.69648093841643,25,77.0,20.0,12,1.2246467991473532e-16,-1.0
37,8,62,10,62,86.77908113391985,33,57.0,77.0,12,1.2246467991473532e-16,-1.0
39,8,56,9,56,79.32551319648094,19,62.0,57.0,12,1.2246467991473532e-16,-1.0
42,8,73,10,73,56.12170087976539,29,56.0,62.0,12,1.2246467991473532e-16,-1.0
49,8,72,11,72,80.95063538611925,38,73.0,56.0,12,1.2246467991473532e-16,-1.0
50,8,22,4,22,49.63343108504399,43,72.0,73.0,12,1.2246467991473532e-16,-1.0
59,8,12,2,12,32.80791788856305,19,22.0,72.0,12,1.2246467991473532e-16,-1.0
65,8,41,6,41,57.649071358748785,7,12.0,22.0,13,-0.2588190451025208,-0.9659258262890683
69,8,25,5,25,55.92619745845552,42,41.0,12.0,13,-0.2588190451025208,-0.9659258262890683
71,8,65,10,65,82.85679374389052,39,25.0,41.0,13,-0.2588190451025208,-0.9659258262890683
74,8,30,4,30,31.378299120234605,30,65.0,25.0,13,-0.2588190451025208,-0.9659258262890683
75,8,13,3,13,45.552297165200386,12,30.0,65.0,13,-0.2588190451025208,-0.9659258262890683
80,8,32,7,32,81.76930596285436,21,13.0,30.0,13,-0.2588190451025208,-0.9659258262890683
81,8,79,8,79,9.042033235581624,47,32.0,13.0,13,-0.2588190451025208,-0.9659258262890683
81,8,83,9,83,31.830400782013683,47,79.0,32.0,13,-0.2588190451025208,-0.9659258262890683
86,8,64,10,64,90.59139784946237,23,83.0,79.0,13,-0.2588190451025208,-0.9659258262890683
87,8,20,5,20,62.51221896383187,40,64.0,83.0,13,-0.2588190451025208,-0.9659258262890683
88,8,52,9,52,89.87047898338221,27,20.0,64.0,13,-0.2588190451025208,-0.9659258262890683
94,8,39,4,39,11.827956989247312,28,52.0,20.0,13,-0.2588190451025208,-0.9659258262890683
95,8,34,8,34,97.82502443792767,17,39.0,52.0,13,-0.2588190451025208,-0.9659258262890683
97,8,68,10,68,65.10263929618768,8,34.0,39.0,13,-0.2588190451025208,-0.9659258262890683
102,8,68,11,68,87.79325513196481,39,68.0,34.0,13,-0.2588190451025208,-0.9659258262890683
107,8,87,9,87,21.79863147605083,15,68.0,68.0,13,-0.2588190451025208,-0.9659258262890683
111,8,12,1,12,14.02737047898338,32,87.0,68.0,13,-0.2588190451025208,-0.9659258262890683
113,8,34,8,34,96.67644183773217,44,12.0,87.0,13,-0.2588190451025208,-0.9659258262890683
118,8,26,6,26,77.59042033235582,21,34.0,12.0,13,-0.2588190451025208,-0.9659258262890683
120,8,51,8,51,67.41202346041055,34,26.0,34.0,14,-0.4999999999999997,-0.8660254037844388
121,8,33,7,33,74.21798631476051,45,51.0,26.0,14,-0.4999999999999997,-0.8660254037844388
121,8,88,12,88,71.78641251221897,43,33.0,51.0,14,-0.4999999999999997,-0.8660254037844388
122,8,38,6,38,60.47165200391007,8,88.0,33.0,14,-0.4999999999999997,-0.8660254037844388
129,8,56,8,56,55.205278592375365,45,38.0,88.0,14,-0.4999999999999997,-0.8660254037844388
136,8,76,8,76,9.652981427174975,32,56.0,38.0,14,-0.4999999999999997,-0.8660254037844388
137,8,26,4,26,37.4633431085044,34,76.0,56.0,14,-0.4999999999999997,-0.8660254037844388
147,8,14,5,14,91.8010752688172,48,26.0,76.0,14,-0.4999999999999997,-0.8660254037844388
148,8,27,7,27,87.10899315738025,29,14.0,26.0,14,-0.4999999999999997,-0.8660254037844388
149,8,88,9,88,23.399315738025415,28,27.0,14.0,14,-0.4999999999999997,-0.8660254037844388
149,8,14,3,14,36.852394916911045,9,88.0,27.0,14,-0.4999999999999997,-0.8660254037844388
151,8,74,10,74,57.563538611925715,6,14.0,88.0,14,-0.4999999999999997,-0.8660254037844388
156,8,35,8,35,96.01661779081134,28,74.0,14.0,14,-0.4999999999999997,-0.8660254037844388
157,8,54,7,54,37.59775171065493,49,35.0,74.0,14,-0.4999999999999997,-0.8660254037844388
6,9,77,11,77,83.69990224828935,10,77.0,77.0,12,1.2246467991473532e-16,-1.0
7,9,22,6,22,83.12561094819159,47,77.0,77.0,12,1.2246467991473532e-16,-1.0
8,9,43,7,43,62.23118279569893,36,22.0,77.0,12,1.2246467991473532e-16,-1.0
11,9,59,7,59,38.78299120234604,46,43.0,22.0,12,1.2246467991473532e-16,-1.0
15,9,82,9,82,19.611436950146626,19,59.0,43.0,12,1.2246467991473532e-16,-1.0
21,9,50,9,50,90.75024437927664,12,82.0,59.0,12,1.2246467991473532e-16,-1.0
26,9,41,6,41,39.418377321603124,33,50.0,82.0,12,1.2246467991473532e-16,-1.0
29,9,79,9,79,33.94428152492669,24,41.0,50.0,12,1.2246467991473532e-16,-1.0
29,9,72,9,72,48.68035190615836,45,79.0,41.0,12,1.2246467991473532e-16,-1.0
30,9,17,4,17,51.515151515151516,28,72.0,79.0,12,1.2246467991473532e-16,-1.0
35,9,81,12,81,94.6969696969697,47,17.0,72.0,12,1.2246467991473532e-16,-1.0
38,9,28,5,28,50.84310850439883,26,81.0,17.0,12,1.2246467991473532e-16,-1.0
43,9,78,8,78,11.999022482893452,6,28.0,81.0,12,1.2246467991473532e-16,-1.0
46,9,18,2,18,18.31622678396872,42,78.0,28.0,12,1.2246467991473532e-16,-1.0
47,9,25,5,25,67.21652003910069,13,18.0,78.0,12,1.2246467991473532e-16,-1.0
48,9,12,2,12,20.246823069403714,42,25.0,18.0,12,1.2246467991473532e-16,-1.0
49,9,42,7,42,65.67693059628543,27,12.0,25.0,12,1.2246467991473532e-16,-1.0
50,9,10,2,10,37.096774193548384,49,42.0,12.0,12,1.2246467991473532e-16,-1.0
53,9,47,7,47,60.117302052785924,42,10.0,42.0,12,1.2246467991473532e-16,-1.0
54,9,58,8,58,61.47360703812317,19,47.0,10.0,12,1.2246467991473532e-16,-1.0
61,9,25,7,25,93.59726295210166,31,58.0,47.0,13,-0.2588190451025208,-0.9659258262890683
62,9,36,6,36,54.936461388074285,39,25.0,58.0,13,-0.2588190451025208,-0.9659258262890683
63,9,56,8,56,54.88758553274682,26,36.0,25.0,13,-0.2588190451025208,-0.9659258262890683
64,9,32,6,32,63.01319648093842,42,56.0,36.0,13,-0.2588190451025208,-0.9659258262890683
67,9,33,5,33,40.041544477028346,19,32.0,56.0,13,-0.2588190451025208,-0.9659258262890683
70,9,80,11,80,65.88465298142717,26,33.0,32.0,13,-0.2588190451025208,-0.9659258262890683
74,9,14,6,14,93.19403714565004,23,80.0,33.0,13,-0.2588190451025208,-0.9659258262890683
77,9,81,12,81,85.74046920821115,11,14.0,80.0,13,-0.2588190451025208,-0.9659258262890683
78,9,68,9,68,45.49120234604106,9,81.0,14.0,13,-0.2588190451025208,-0.9659258262890683
81,9,81,12,81,78.16471163245356,13,68.0,81.0,13,-0.2588190451025208,-0.9659258262890683
82,9,56,7,56,41.862170087976544,47,81.0,68.0,13,-0.2588190451025208,-0.9659258262890683
83,9,41,8,41,95.955522971652,9,56.0,81.0,13,-0.2588190451025208,-0.9659258262890683
83,9,12,2,12,19.7336265884653,34,41.0,56.0,13,-0.2588190451025208,-0.9659258262890683
87,9,89,12,89,73.08162267839687,10,12.0,41.0,13,-0.2588190451025208,-0.9659258262890683
89,9,72,12,72,96.56647116324535,39,89.0,12.0,13,-0.2588190451025208,-0.9659258262890683
91,9,11,1,11,13.69745845552297,40,72.0,89.0,13,-0.2588190451025208,-0.9659258262890683
93,9,33,3,33,8.55327468230694,29,11.0,72.0,13,-0.2588190451025208,-0.9659258262890683
94,9,57,9,57,82.00146627565982,42,33.0,11.0,13,-0.2588190451025208,-0.9659258262890683
100,9,53,6,53,24.18132942326491,47,57.0,33.0,13,-0.2588190451025208,-0.9659258262890683
101,9,24,6,24,86.54692082111437,48,53.0,57.0,13,-0.2588190451025208,-0.9659258262890683
102,9,39,8,39,90.73802541544477,36,24.0,53.0,13,-0.2588190451025208,-0.9659258262890683
107,9,42,8,42,89.55278592375366,43,39.0,24.0,13,-0.2588190451025208,-0.9659258262890683
109,9,86,10,86,39.332844574780054,16,42.0,39.0,13,-0.2588190451025208,-0.9659258262890683
110,9,36,5,36,35.43499511241447,20,86.0,42.0,13,-0.2588190451025208,-0.9659258262890683
112,9,77,12,77,96.7008797653959,26,36.0,86.0,13,-0.2588190451025208,-0.9659258262890683
117,9,30,4,30,38.6119257086999,10,77.0,36.0,13,-0.2588190451025208,-0.9659258262890683
120,9,15,1,15,6.586021505376344,39,30.0,77.0,14,-0.4999999999999997,-0.8660254037844388
121,9,30,6,30,63.36754643206256,38,15.0,30.0,14,-0.4999999999999997,-0.8660254037844388
128,9,69,11,69,95.99217986314761,37,30.0,15.0,14,-0.4999999999999997,-0.8660254037844388
131,9,48,6,48,38.73411534701857,41,69.0,30.0,14,-0.4999999999999997,-0.8660254037844388
142,9,72,9,72,40.24926686217009,38,48.0,69.0,14,-0.4999999999999997,-0.8660254037844388
147,9,70,11,70,84.93401759530792,17,72.0,48.0,14,-0.4999999999999997,-0.8660254037844388
150,9,13,2,13,21.859726295210166,47,70.0,72.0,14,-0.4999999999999997,-0.8660254037844388
152,9,30,6,30,64.90713587487781,41,13.0,70.0,14,-0.4999999999999997,-0.8660254037844388
153,9,74,12,74,98.76588465298143,17,30.0,13.0,14,-0.4999999999999997,-0.8660254037844388
160,9,20,3,20,20.955522971652005,19,74.0,30.0,14,-0.4999999999999997,-0.8660254037844388
163,9,34,7,34,91.8377321603128,45,20.0,74.0,14,-0.4999999999999997,-0.8660254037844388
165,9,27,7,27,91.86217008797654,17,34.0,20.0,14,-0.4999999999999997,-0.8660254037844388
1,10,81,12,81,78.60459433040077,19,81.0,81.0,12,1.2246467991473532e-16,-1.0
3,10,83,10,83,40.542521994134894,43,81.0,81.0,12,1.2246467991473532e-16,-1.0
6,10,79,12,79,95.88220918866081,40,83.0,81.0,12,1.2246467991473532e-16,-1.0
7,10,68,9,68,53.59237536656891,22,79.0,83.0,12,1.2246467991473532e-16,-1.0
8,10,14,5,14,87.15786901270772,47,68.0,79.0,12,1.2246467991473532e-16,-1.0
17,10,11,5,11,83.65102639296188,13,14.0,68.0,12,1.2246467991473532e-16,-1.0
18,10,82,12,82,95.88220918866081,31,11.0,14.0,12,1.2246467991473532e-16,-1.0
20,10,53,8,53,67.72971652003909,46,82.0,11.0,12,1.2246467991473532e-16,-1.0
20,10,64,7,64,27.309384164222873,32,53.0,82.0,12,1.2246467991473532e-16,-1.0
24,10,13,1,13,7.453567937438906,29,64.0,53.0,12,1.2246467991473532e-16,-1.0
28,10,51,8,51,69.39149560117302,42,13.0,64.0,12,1.2246467991473532e-16,-1.0
31,10,65,11,65,96.56647116324535,42,51.0,13.0,12,1.2246467991473532e-16,-1.0
41,10,22,4,22,52.90811339198436,42,65.0,51.0,12,1.2246467991473532e-16,-1.0
45,10,71,9,71,40.59139784946236,43,22.0,65.0,12,1.2246467991473532e-16,-1.0
45,10,83,9,83,18.084066471163247,30,71.0,22.0,12,1.2246467991473532e-16,-1.0
46,10,64,10,64,85.37390029325513,13,83.0,71.0,12,1.2246467991473532e-16,-1.0
54,10,56,10,56,98.30156402737047,10,64.0,83.0,12,1.2246467991473532e-16,-1.0
58,10,46,7,46,54.777614858260016,44,56.0,64.0,12,1.2246467991473532e-16,-1.0
64,10,84,10,84,47.76392961876833,45,46.0,56.0,13,-0.2588190451025208,-0.9659258262890683
68,10,77,8,77,10.813782991202347,42,84.0,46.0,13,-0.2588190451025208,-0.9659258262890683
71,10,78,10,78,60.826001955034215,44,77.0,84.0,13,-0.2588190451025208,-0.9659258262890683
72,10,49,9,49,82.47800586510265,24,78.0,77.0,13,-0.2588190451025208,-0.9659258262890683
76,10,88,9,88,22.348484848484848,41,49.0,78.0,13,-0.2588190451025208,-0.9659258262890683
77,10,79,9,79,30.461876832844574,19,88.0,49.0,13,-0.2588190451025208,-0.9659258262890683
78,10,27,6,27,80.88954056695992,44,79.0,88.0,13,-0.2588190451025208,-0.9659258262890683
80,10,75,9,75,47.50733137829912,27,27.0,79.0,13,-0.2588190451025208,-0.9659258262890683
81,10,30,7,30,98.35043988269796,39,75.0,27.0,13,-0.2588190451025208,-0.9659258262890683
81,10,62,8,62,40.87243401759531,48,30.0,75.0,13,-0.2588190451025208,-0.9659258262890683
85,10,41,7,41,76.35630498533725,23,62.0,30.0,13,-0.2588190451025208,-0.9659258262890683
86,10,76,12,76,97.31182795698925,35,41.0,62.0,13,-0.2588190451025208,-0.9659258262890683
86,10,44,8,44,91.09237536656892,6,76.0,41.0,13,-0.2588190451025208,-0.9659258262890683
91,10,18,5,18,75.15884652981427,26,44.0,76.0,13,-0.2588190451025208,-0.9659258262890683
92,10,82,8,82,15.689149560117302,10,18.0,44.0,13,-0.2588190451025208,-0.9659258262890683
93,10,78,9,78,31.72043010752688,33,82.0,18.0,13,-0.2588190451025208,-0.9659258262890683
93,10,17,6,17,89.17399804496578,12,78.0,82.0,13,-0.2588190451025208,-0.9659258262890683
96,10,39,8,39,93.64613880742912,46,17.0,78.0,13,-0.2588190451025208,-0.9659258262890683
96,10,65,10,65,84.81182795698925,30,39.0,17.0,13,-0.2588190451025208,-0.9659258262890683
97,10,32,4,32,26.71065493646139,44,65.0,39.0,13,-0.2588190451025208,-0.9659258262890683
99,10,10,2,10,28.726783968719456,37,32.0,65.0,13,-0.2588190451025208,-0.9659258262890683
102,10,76,11,76,76.06304985337243,39,10.0,32.0,13,-0.2588190451025208,-0.9659258262890683
104,10,62,9,62,65.95796676441837,41,76.0,10.0,13,-0.2588190451025208,-0.9659258262890683
106,10,31,5,31,48.05718475073314,9,62.0,76.0,13,-0.2588190451025208,-0.9659258262890683
108,10,89,10,89,34.970674486803524,13,31.0,62.0,13,-0.2588190451025208,-0.9659258262890683
109,10,32,6,32,69.15933528836756,25,89.0,31.0,13,-0.2588190451025208,-0.9659258262890683
116,10,81,12,81,86.3514173998045,22,32.0,89.0,13,-0.2588190451025208,-0.9659258262890683
125,10,59,10,59,94.46480938416423,20,81.0,32.0,14,-0.4999999999999997,-0.8660254037844388
127,10,11,4,11,66.30009775171065,38,59.0,81.0,14,-0.4999999999999997,-0.8660254037844388
132,10,19,5,19,69.02492668621701,22,11.0,59.0,14,-0.4999999999999997,-0.8660254037844388
133,10,50,9,50,90.17595307917888,8,19.0,11.0,14,-0.4999999999999997,-0.8660254037844388
134,10,20,6,20,80.27859237536657,43,50.0,19.0,14,-0.4999999999999997,-0.8660254037844388
139,10,86,12,86,87.18230694037146,29,20.0,50.0,14,-0.4999999999999997,-0.8660254037844388
140,10,54,7,54,40.22482893450635,26,86.0,20.0,14,-0.4999999999999997,-0.8660254037844388
144,10,47,7,47,47.372922776148584,41,54.0,86.0,14,-0.4999999999999997,-0.8660254037844388
146,10,26,5,26,59.82404692082112,27,47.0,54.0,14,-0.4999999999999997,-0.8660254037844388
146,10,61,10,61,94.59921798631477,48,26.0,47.0,14,-0.4999999999999997,-0.8660254037844388
146,10,34,4,34,12.353372434017595,29,61.0,26.0,14,-0.4999999999999997,-0.8660254037844388
147,10,69,7,69,10.63049853372434,46,34.0,61.0,14,-0.4999999999999997,-0.8660254037844388
148,10,67,11,67,97.31182795698925,21,69.0,34.0,14,-0.4999999999999997,-0.8660254037844388
152,10,65,9,65,67.44868035190615,29,67.0,69.0,14,-0.4999999999999997,-0.8660254037844388
155,10,31,6,31,63.379765395894424,23,65.0,67.0,14,-0.4999999999999997,-0.8660254037844388
162,10,67,9,67,46.66422287390029,16,31.0,65.0,14,-0.4999999999999997,-0.8660254037844388
3,11,33,5,33,41.73998044965787,41,33.0,33.0,12,1.2246467991473532e-16,-1.0
8,11,32,3,32,8.944281524926687,34,33.0,33.0,12,1.2246467991473532e-16,-1.0
8,11,77,11,77,72.67839687194527,48,32.0,33.0,12,1.2246467991473532e-16,-1.0
14,11,49,8,49,64.11290322580645,34,77.0,32.0,12,1.2246467991473532e-16,-1.0
16,11,88,12,88,83.1622678396872,40,49.0,77.0,12,1.2246467991473532e-16,-1.0
19,11,73,10,73,66.26344086021506,11,88.0,49.0,12,1.2246467991473532e-16,-1.0
23,11,16,4,16,66.27565982404691,16,73.0,88.0,12,1.2246467991473532e-16,-1.0
23,11,42,5,42,17.741935483870968,34,16.0,73.0,12,1.2246467991473532e-16,-1.0
24,11,37,5,37,33.35777126099707,23,42.0,16.0,12,1.2246467991473532e-16,-1.0
26,11,63,7,63,23.228250244379275,48,37.0,42.0,12,1.2246467991473532e-16,-1.0
29,11,17,6,17,98.80254154447702,19,63.0,37.0,12,1.2246467991473532e-16,-1.0
31,11,80,12,80,97.32404692082112,27,17.0,63.0,12,1.2246467991473532e-16,-1.0
32,11,62,7,62,24.951124144672534,29,80.0,17.0,12,1.2246467991473532e-16,-1.0
32,11,43,6,43,46.761974584555226,17,62.0,80.0,12,1.2246467991473532e-16,-1.0
34,11,64,10,64,76.41739980449658,22,43.0,62.0,12,1.2246467991473532e-16,-1.0
38,11,63,10,63,92.53421309872923,34,64.0,43.0,12,1.2246467991473532e-16,-1.0
41,11,43,6,43,34.50635386119257,19,63.0,64.0,12,1.2246467991473532e-16,-1.0
41,11,20,6,20,97.14076246334311,5,43.0,63.0,12,1.2246467991473532e-16,-1.0
46,11,29,4,29,33.5288367546432,42,20.0,43.0,12,1.2246467991473532e-16,-1.0
52,11,43,9,43,95.32013685239492,38,29.0,20.0,12,1.2246467991473532e-16,-1.0
65,11,50,7,50,50.24437927663734,32,43.0,29.0,13,-0.2588190451025208,-0.9659258262890683
67,11,62,8,62,39.870478983382206,38,50.0,43.0,13,-0.2588190451025208,-0.9659258262890683
72,11,73,7,73,12.658846529814271,33,62.0,50.0,13,-0.2588190451025208,-0.9659258262890683
75,11,89,11,89,43.78054740957967,49,73.0,62.0,13,-0.2588190451025208,-0.9659258262890683
79,11,23,6,23,75.30547409579668,48,89.0,73.0,13,-0.2588190451025208,-0.9659258262890683
83,11,85,12,85,72.00635386119258,44,23.0,89.0,13,-0.2588190451025208,-0.9659258262890683
83,11,84,10,84,41.63000977517107,27,85.0,23.0,13,-0.2588190451025208,-0.9659258262890683
92,11,49,5,49,19.037145650048874,41,84.0,85.0,13,-0.2588190451025208,-0.9659258262890683
92,11,72,11,72,88.86852394916912,24,49.0,84.0,13,-0.2588190451025208,-0.9659258262890683
101,11,40,5,40,26.344086021505376,9,72.0,49.0,13,-0.2588190451025208,-0.9659258262890683
104,11,35,4,35,24.41348973607038,35,40.0,72.0,13,-0.2588190451025208,-0.9659258262890683
106,11,50,8,50,63.97849462365591,45,35.0,40.0,13,-0.2588190451025208,-0.9659258262890683
109,11,53,7,53,51.36852394916911,44,50.0,35.0,13,-0.2588190451025208,-0.9659258262890683
114,11,26,6,26,72.87390029325513,25,53.0,50.0,13,-0.2588190451025208,-0.9659258262890683
115,11,23,4,23,34.628543499511245,13,26.0,53.0,13,-0.2588190451025208,-0.9659258262890683
118,11,38,6,38,53.580156402737046,40,23.0,26.0,13,-0.2588190451025208,-0.9659258262890683
118,11,50,6,50,32.89345063538612,18,38.0,23.0,13,-0.2588190451025208,-0.9659258262890683
127,11,34,6,34,69.56256109481916,48,50.0,38.0,14,-0.4999999999999997,-0.8660254037844388
134,11,50,7,50,41.04349951124145,21,34.0,50.0,14,-0.4999999999999997,-0.8660254037844388
135,11,72,9,72,52.798142717497555,10,50.0,34.0,14,-0.4999999999999997,-0.8660254037844388
141,11,18,4,18,60.67937438905181,24,72.0,50.0,14,-0.4999999999999997,-0.8660254037844388
143,11,75,9,75,31.048387096774192,21,18.0,72.0,14,-0.4999999999999997,-0.8660254037844388
145,11,84,12,84,83.1989247311828,33,75.0,18.0,14,-0.4999999999999997,-0.8660254037844388
146,11,43,6,43,48.069403714565006,25,84.0,75.0,14,-0.4999999999999997,-0.8660254037844388
149,11,54,8,54,71.19990224828935,32,43.0,84.0,14,-0.4999999999999997,-0.8660254037844388
157,11,88,10,88,43.29178885630498,8,54.0,43.0,14,-0.4999999999999997,-0.8660254037844388
161,11,57,10,57,88.12316715542522,6,88.0,54.0,14,-0.4999999999999997,-0.8660254037844388
164,11,53,6,53,27.48044965786901,5,57.0,88.0,14,-0.4999999999999997,-0.8660254037844388
1,12,44,4,44,7.636852394916911,26,44.0,44.0,12,1.2246467991473532e-16,-1.0
9,12,12,5,12,82.1236559139785,31,44.0,44.0,12,1.2246467991473532e-16,-1.0
11,12,75,10,75,56.54936461388075,15,12.0,44.0,12,1.2246467991473532e-16,-1.0
11,12,49,5,49,8.10117302052786,14,75.0,12.0,12,1.2246467991473532e-16,-1.0
14,12,56,6,56,11.265884652981427,5,49.0,75.0,12,1.2246467991473532e-16,-1.0
20,12,39,5,39,31.329423264907135,19,56.0,49.0,12,1.2246467991473532e-16,-1.0
30,12,46,5,46,8.321114369501466,47,39.0,56.0,12,1.2246467991473532e-16,-1.0
31,12,28,5,28,46.05327468230694,30,46.0,39.0,12,1.2246467991473532e-16,-1.0
37,12,53,10,53,94.6969696969697,46,28.0,46.0,12,1.2246467991473532e-16,-1.0
46,12,15,5,15,71.90860215053763,12,53.0,28.0,12,1.2246467991473532e-16,-1.0
47,12,45,5,45,20.39345063538612,47,15.0,53.0,12,1.2246467991473532e-16,-1.0
53,12,22,6,22,92.49755620723363,6,45.0,15.0,12,1.2246467991473532e-16,-1.0
55,12,56,7,56,42.42424242424242,24,22.0,45.0,12,1.2246467991473532e-16,-1.0
64,12,30,3,30,15.383675464320627,23,56.0,22.0,13,-0.2588190451025208,-0.9659258262890683
65,12,28,7,28,99.43792766373411,8,30.0,56.0,13,-0.2588190451025208,-0.9659258262890683
67,12,69,11,69,98.8880742913001,48,28.0,30.0,13,-0.2588190451025208,-0.9659258262890683
71,12,58,8,58,61.14369501466276,15,69.0,28.0,13,-0.2588190451025208,-0.9659258262890683
75,12,37,8,37,96.34652981427175,18,58.0,69.0,13,-0.2588190451025208,-0.9659258262890683
80,12,53,5,53,7.60019550342131,37,37.0,58.0,13,-0.2588190451025208,-0.9659258262890683
82,12,14,3,14,37.30449657869013,43,53.0,37.0,13,-0.2588190451025208,-0.9659258262890683
83,12,25,6,25,70.11241446725319,22,14.0,53.0,13,-0.2588190451025208,-0.9659258262890683
86,12,89,13,89,96.38318670576736,18,25.0,14.0,13,-0.2588190451025208,-0.9659258262890683
98,12,63,6,63,7.710166177908113,46,89.0,25.0,13,-0.2588190451025208,-0.9659258262890683
104,12,12,1,12,12.17008797653959,33,63.0,89.0,13,-0.2588190451025208,-0.9659258262890683
106,12,47,8,47,66.11681329423264,21,12.0,63.0,13,-0.2588190451025208,-0.9659258262890683
111,12,62,7,62,28.213587487781037,27,47.0,12.0,13,-0.2588190451025208,-0.9659258262890683
114,12,86,11,86,55.193059628543494,7,62.0,47.0,13,-0.2588190451025208,-0.9659258262890683
115,12,27,3,27,6.952590420332355,33,86.0,62.0,13,-0.2588190451025208,-0.9659258262890683
122,12,13,2,13,32.881231671554254,15,27.0,86.0,14,-0.4999999999999997,-0.8660254037844388
130,12,76,11,76,68.23069403714564,5,13.0,27.0,14,-0.4999999999999997,-0.8660254037844388
130,12,30,5,30,53.47018572825024,30,76.0,13.0,14,-0.4999999999999997,-0.8660254037844388
131,12,67,10,67,71.76197458455523,38,30.0,76.0,14,-0.4999999999999997,-0.8660254037844388
131,12,47,6,47,42.98631476050831,22,67.0,30.0,14,-0.4999999999999997,-0.8660254037844388
132,12,30,7,30,90.6158357771261,40,47.0,67.0,14,-0.4999999999999997,-0.8660254037844388
138,12,37,4,37,20.625610948191593,29,30.0,47.0,14,-0.4999999999999997,-0.8660254037844388
140,12,59,6,59,11.412512218963832,48,37.0,30.0,14,-0.4999999999999997,-0.8660254037844388
153,12,14,1,14,10.911534701857283,15,59.0,37.0,14,-0.4999999999999997,-0.8660254037844388
155,12,67,9,67,57.551319648093845,34,14.0,59.0,14,-0.4999999999999997,-0.8660254037844388
156,12,85,11,85,54.63098729227761,12,67.0,14.0,14,-0.4999999999999997,-0.8660254037844388
156,12,32,5,32,48.338220918866085,43,85.0,67.0,14,-0.4999999999999997,-0.8660254037844388
163,12,68,9,68,61.37585532746823,11,32.0,85.0,14,-0.4999999999999997,-0.8660254037844388
164,12,67,11,67,97.78836754643207,16,68.0,32.0,14,-0.4999999999999997,-0.8660254037844388
0,13,24,3,24,27.81036168132942,29,24.0,24.0,12,1.2246467991473532e-16,-1.0
2,13,14,2,14,17.6197458455523,19,24.0,24.0,12,1.2246467991473532e-16,-1.0
6,13,72,8,72,25.977517106549364,36,14.0,24.0,12,1.2246467991473532e-16,-1.0
12,13,39,5,39,38.049853372434015,11,72.0,14.0,12,1.2246467991473532e-16,-1.0
12,13,54,9,54,89.41837732160313,33,39.0,72.0,12,1.2246467991473532e-16,-1.0
17,13,17,5,17,82.07478005865103,17,54.0,39.0,12,1.2246467991473532e-16,-1.0
19,13,11,3,11,50.0,29,17.0,54.0,12,1.2246467991473532e-16,-1.0
21,13,84,10,84,46.138807429130004,38,11.0,17.0,12,1.2246467991473532e-16,-1.0
22,13,29,7,29,84.54301075268818,30,84.0,11.0,12,1.2246467991473532e-16,-1.0
31,13,52,9,52,79.47214076246334,30,29.0,84.0,12,1.2246467991473532e-16,-1.0
38,13,62,10,62,95.4789833822092,13,52.0,29.0,12,1.2246467991473532e-16,-1.0
41,13,85,10,85,32.697947214076244,11,62.0,52.0,12,1.2246467991473532e-16,-1.0
42,13,75,10,75,60.056207233626594,23,85.0,62.0,12,1.2246467991473532e-16,-1.0
44,13,29,4,29,36.41251221896383,31,75.0,85.0,12,1.2246467991473532e-16,-1.0
48,13,10,2,10,22.482893450635384,13,29.0,75.0,12,1.2246467991473532e-16,-1.0
48,13,73,8,73,26.600684261974582,47,10.0,29.0,12,1.2246467991473532e-16,-1.0
49,13,61,7,61,30.535190615835777,36,73.0,10.0,12,1.2246467991473532e-16,-1.0
50,13,13,5,13,91.73998044965786,8,61.0,73.0,12,1.2246467991473532e-16,-1.0
52,13,43,8,43,78.36021505376344,6,13.0,61.0,12,1.2246467991473532e-16,-1.0
52,13,36,7,36,76.99169110459432,21,43.0,13.0,12,1.2246467991473532e-16,-1.0
53,13,86,12,86,77.59042033235582,13,36.0,43.0,12,1.2246467991473532e-16,-1.0
59,13,63,8,63,38.51417399804497,48,86.0,36.0,12,1.2246467991473532e-16,-1.0
60,13,78,9,78,40.383675464320625,36,63.0,86.0,13,-0.2588190451025208,-0.9659258262890683
61,13,57,9,57,84.2741935483871,41,78.0,63.0,13,-0.2588190451025208,-0.9659258262890683
62,13,68,10,68,72.89833822091887,18,57.0,78.0,13,-0.2588190451025208,-0.9659258262890683
79,13,51,6,51,21.285434995112414,32,68.0,57.0,13,-0.2588190451025208,-0.9659258262890683
83,13,53,9,53,83.9442815249267,42,51.0,68.0,13,-0.2588190451025208,-0.9659258262890683
84,13,40,6,40,52.77370478983382,41,53.0,51.0,13,-0.2588190451025208,-0.9659258262890683
84,13,50,7,50,55.55962854349951,17,40.0,53.0,13,-0.2588190451025208,-0.9659258262890683
90,13,29,3,29,6.537145650048876,39,50.0,40.0,13,-0.2588190451025208,-0.9659258262890683
90,13,44,9,44,97.04301075268818,13,29.0,50.0,13,-0.2588190451025208,-0.9659258262890683
90,13,31,4,31,34.20087976539589,22,44.0,29.0,13,-0.2588190451025208,-0.9659258262890683
94,13,56,6,56,11.779081133919844,45,31.0,44.0,13,-0.2588190451025208,-0.9659258262890683
99,13,80,11,80,60.043988269794724,17,56.0,31.0,13,-0.2588190451025208,-0.9659258262890683
103,13,48,6,48,27.908113391984358,7,80.0,56.0,13,-0.2588190451025208,-0.9659258262890683
115,13,17,5,17,72.9227761485826,40,48.0,80.0,13,-0.2588190451025208,-0.9659258262890683
115,13,66,7,66,18.71945259042033,13,17.0,48.0,13,-0.2588190451025208,-0.9659258262890683
117,13,35,6,35,55.62072336265884,41,66.0,17.0,13,-0.2588190451025208,-0.9659258262890683
120,13,40,8,40,94.56256109481916,9,35.0,66.0,14,-0.4999999999999997,-0.8660254037844388
122,13,25,6,25,74.9266862170088,17,40.0,35.0,14,-0.4999999999999997,-0.8660254037844388
122,13,77,11,77,85.202834799609,38,25.0,40.0,14,-0.4999999999999997,-0.8660254037844388
125,13,46,7,46,62.70772238514174,23,77.0,25.0,14,-0.4999999999999997,-0.8660254037844388
126,13,57,10,57,91.73998044965786,28,46.0,77.0,14,-0.4999999999999997,-0.8660254037844388
129,13,79,8,79,18.78054740957967,21,57.0,46.0,14,-0.4999999999999997,-0.8660254037844388
130,13,43,8,43,78.84897360703812,13,79.0,57.0,14,-0.4999999999999997,-0.8660254037844388
131,13,11,4,11,59.51857282502444,23,43.0,79.0,14,-0.4999999999999997,-0.8660254037844388
131,13,69,9,69,44.941348973607035,15,11.0,43.0,14,-0.4999999999999997,-0.8660254037844388
136,13,80,12,80,87.29227761485826,21,69.0,11.0,14,-0.4999999999999997,-0.8660254037844388
140,13,33,7,33,87.67106549364614,13,80.0,69.0,14,-0.4999999999999997,-0.8660254037844388
142,13,55,7,55,36.20478983382209,27,33.0,80.0,14,-0.4999999999999997,-0.8660254037844388
145,13,73,7,73,7.5391006842619745,37,55.0,33.0,14,-0.4999999999999997,-0.8660254037844388
148,13,34,7,34,73.27712609970675,44,73.0,55.0,14,-0.4999999999999997,-0.8660254037844388
157,13,59,7,59,23.582600195503424,7,34.0,73.0,14,-0.4999999999999997,-0.8660254037844388
158,13,24,6,24,90.51808406647116,27,59.0,34.0,14,-0.4999999999999997,-0.8660254037844388
158,13,65,7,65,14.87047898338221,19,24.0,59.0,14,-0.4999999999999997,-0.8660254037844388
165,13,45,7,45,56.96480938416423,28,65.0,24.0,14,-0.4999999999999997,-0.8660254037844388
1,14,32,4,32,24.144672531769306,20,32.0,32.0,12,1.2246467991473532e-16,-1.0
5,14,32,3,32,14.21065493646139,25,32.0,32.0,12,1.2246467991473532e-16,-1.0
5,14,81,12,81,89.56500488758553,6,32.0,32.0,12,1.2246467991473532e-16,-1.0
6,14,11,1,11,16.03128054740958,33,81.0,32.0,12,1.2246467991473532e-16,-1.0
19,14,48,6,48,41.935483870967744,20,11.0,81.0,12,1.2246467991473532e-16,-1.0
19,14,87,12,87,78.26246334310851,8,48.0,11.0,12,1.2246467991473532e-16,-1.0
22,14,35,5,35,42.5830889540567,10,87.0,48.0,12,1.2246467991473532e-16,-1.0
27,14,81,9,81,21.920821114369502,28,35.0,87.0,12,1.2246467991473532e-16,-1.0
30,14,26,5,26,51.2218963831867,13,81.0,35.0,12,1.2246467991473532e-16,-1.0
30,14,22,7,22,99.64565004887585,36,26.0,81.0,12,1.2246467991473532e-16,-1.0
32,14,23,3,23,15.444770283479961,14,22.0,26.0,12,1.2246467991473532e-16,-1.0
36,14,23,6,23,77.92033235581623,43,23.0,22.0,12,1.2246467991473532e-16,-1.0
43,14,74,11,74,80.16862170087975,10,23.0,23.0,12,1.2246467991473532e-16,-1.0
43,14,40,4,40,8.027859237536656,31,74.0,23.0,12,1.2246467991473532e-16,-1.0
45,14,54,5,54,9.811827956989246,34,40.0,74.0,12,1.2246467991473532e-16,-1.0
47,14,34,7,34,85.77712609970675,34,54.0,40.0,12,1.2246467991473532e-16,-1.0
48,14,56,7,56,38.465298142717494,23,34.0,54.0,12,1.2246467991473532e-16,-1.0
55,14,20,4,20,45.07575757575758,9,56.0,34.0,12,1.2246467991473532e-16,-1.0
56,14,41,4,41,12.438905180840665,19,20.0,56.0,12,1.2246467991473532e-16,-1.0
56,14,87,10,87,37.70772238514174,40,41.0,20.0,12,1.2246467991473532e-16,-1.0
61,14,12,2,12,27.73704789833822,12,87.0,41.0,13,-0.2588190451025208,-0.9659258262890683
62,14,29,6,29,69.51368523949169,33,12.0,87.0,13,-0.2588190451025208,-0.9659258262890683
63,14,57,6,57,7.80791788856305,31,29.0,12.0,13,-0.2588190451025208,-0.9659258262890683
63,14,11,4,11,69.37927663734116,26,57.0,29.0,13,-0.2588190451025208,-0.9659258262890683
71,14,41,5,41,32.93010752688172,33,11.0,57.0,13,-0.2588190451025208,-0.9659258262890683
79,14,40,5,40,21.774193548387096,38,41.0,11.0,13,-0.2588190451025208,-0.9659258262890683
80,14,18,4,18,54.17888563049853,48,40.0,41.0,13,-0.2588190451025208,-0.9659258262890683
82,14,17,6,17,91.4345063538612,26,18.0,40.0,13,-0.2588190451025208,-0.9659258262890683
88,14,69,8,69,26.417399804496576,15,17.0,18.0,13,-0.2588190451025208,-0.9659258262890683
92,14,54,9,54,80.02199413489735,29,69.0,17.0,13,-0.2588190451025208,-0.9659258262890683
99,14,46,8,46,71.8108504398827,32,54.0,69.0,13,-0.2588190451025208,-0.9659258262890683
101,14,59,6,59,16.397849462365592,28,46.0,54.0,13,-0.2588190451025208,-0.9659258262890683
108,14,59,9,59,62.34115347018573,19,59.0,46.0,13,-0.2588190451025208,-0.9659258262890683
112,14,27,6,27,77.66373411534701,38,59.0,59.0,13,-0.2588190451025208,-0.9659258262890683
114,14,22,3,22,35.54496578690127,25,27.0,59.0,13,-0.2588190451025208,-0.9659258262890683
119,14,63,8,63,40.5791788856305,23,22.0,27.0,13,-0.2588190451025208,-0.9659258262890683
126,14,74,8,74,27.73704789833822,6,63.0,22.0,14,-0.4999999999999997,-0.8660254037844388
134,14,65,10,65,88.37976539589442,34,74.0,63.0,14,-0.4999999999999997,-0.8660254037844388
135,14,28,5,28,44.9169110459433,34,65.0,74.0,14,-0.4999999999999997,-0.8660254037844388
136,14,63,8,63,41.91104594330401,24,28.0,65.0,14,-0.4999999999999997,-0.8660254037844388
137,14,14,2,14,31.818181818181817,14,63.0,28.0,14,-0.4999999999999997,-0.8660254037844388
138,14,79,12,79,86.14369501466275,41,14.0,63.0,14,-0.4999999999999997,-0.8660254037844388
144,14,43,5,43,29.91202346041056,48,79.0,14.0,14,-0.4999999999999997,-0.8660254037844388
152,14,79,10,79,52.468230694037146,13,43.0,79.0,14,-0.4999999999999997,-0.8660254037844388
155,14,88,10,88,27.248289345063537,33,79.0,43.0,14,-0.4999999999999997,-0.8660254037844388
158,14,73,10,73,59.51857282502444,24,88.0,79.0,14,-0.4999999999999997,-0.8660254037844388
159,14,78,11,78,74.86559139784946,7,73.0,88.0,14,-0.4999999999999997,-0.8660254037844388
162,14,45,5,45,11.803519061583579,8,78.0,73.0,14,-0.4999999999999997,-0.8660254037844388
162,14,59,7,59,38.660801564027366,12,45.0,78.0,14,-0.4999999999999997,-0.8660254037844388
162,14,24,5,24,55.266373411534694,27,59.0,45.0,14,-0.4999999999999997,-0.8660254037844388
164,14,50,5,50,12.41446725317693,30,24.0,59.0,14,-0.4999999999999997,-0.8660254037844388
165,14,66,8,66,40.469208211143695,25,50.0,24.0,14,-0.4999999999999997,-0.8660254037844388
2,15,48,8,48,80.5229716520039,15,48.0,48.0,12,1.2246467991473532e-16,-1.0
3,15,37,8,37,90.60361681329422,46,48.0,48.0,12,1.2246467991473532e-16,-1.0
4,15,24,4,24,48.10606060606061,39,37.0,48.0,12,1.2246467991473532e-16,-1.0
7,15,64,7,64,29.802052785923756,22,24.0,37.0,12,1.2246467991473532e-16,-1.0
8,15,11,5,11,86.10703812316716,15,64.0,24.0,12,1.2246467991473532e-16,-1.0
12,15,19,6,19,83.89540566959923,13,11.0,64.0,12,1.2246467991473532e-16,-1.0
17,15,65,9,65,67.7663734115347,39,19.0,11.0,12,1.2246467991473532e-16,-1.0
18,15,86,11,86,59.93401759530792,9,65.0,19.0,12,1.2246467991473532e-16,-1.0
23,15,28,7,28,88.62414467253177,44,86.0,65.0,12,1.2246467991473532e-16,-1.0
25,15,87,13,87,86.70576735092864,5,28.0,86.0,12,1.2246467991473532e-16,-1.0
33,15,78,11,78,82.79569892473118,21,87.0,28.0,12,1.2246467991473532e-16,-1.0
33,15,44,6,44,51.78396871945259,49,78.0,87.0,12,1.2246467991473532e-16,-1.0
36,15,87,10,87,30.009775171065495,31,44.0,78.0,12,1.2246467991473532e-16,-1.0
39,15,37,7,37,77.2238514173998,24,87.0,44.0,12,1.2246467991473532e-16,-1.0
42,15,73,10,73,61.96236559139785,6,37.0,87.0,12,1.2246467991473532e-16,-1.0
43,15,33,4,33,21.21212121212121,41,73.0,37.0,12,1.2246467991473532e-16,-1.0
45,15,36,4,36,8.162267839687194,9,33.0,73.0,12,1.2246467991473532e-16,-1.0
51,15,68,11,68,85.4227761485826,16,36.0,33.0,12,1.2246467991473532e-16,-1.0
51,15,22,3,22,34.31085043988269,14,68.0,36.0,12,1.2246467991473532e-16,-1.0
56,15,13,5,13,84.07869012707722,14,22.0,68.0,12,1.2246467991473532e-16,-1.0
57,15,61,8,61,42.22873900293255,15,13.0,22.0,12,1.2246467991473532e-16,-1.0
57,15,41,4,41,15.49364613880743,20,61.0,13.0,12,1.2246467991473532e-16,-1.0
58,15,76,11,76,78.78787878787878,36,41.0,61.0,12,1.2246467991473532e-16,-1.0
58,15,60,10,60,85.26392961876833,12,76.0,41.0,12,1.2246467991473532e-16,-1.0
60,15,54,6,54,13.147605083088953,29,60.0,76.0,13,-0.2588190451025208,-0.9659258262890683
66,15,75,11,75,85.74046920821115,21,54.0,60.0,13,-0.2588190451025208,-0.9659258262890683
66,15,15,3,15,30.86510263929619,28,75.0,54.0,13,-0.2588190451025208,-0.9659258262890683
68,15,24,6,24,72.36070381231671,34,15.0,75.0,13,-0.2588190451025208,-0.9659258262890683
68,15,73,7,73,8.687683284457478,25,24.0,15.0,13,-0.2588190451025208,-0.9659258262890683
72,15,48,7,48,52.12609970674487,14,73.0,24.0,13,-0.2588190451025208,-0.9659258262890683
72,15,62,7,62,18.878299120234605,21,48.0,73.0,13,-0.2588190451025208,-0.9659258262890683
79,15,17,6,17,91.48338220918866,13,62.0,48.0,13,-0.2588190451025208,-0.9659258262890683
89,15,50,7,50,56.24389051808406,19,17.0,62.0,13,-0.2588190451025208,-0.9659258262890683
91,15,83,9,83,19.7702834799609,19,50.0,17.0,13,-0.2588190451025208,-0.9659258262890683
98,15,70,7,70,16.141251221896383,13,83.0,50.0,13,-0.2588190451025208,-0.9659258262890683
105,15,67,11,67,92.43646138807429,28,70.0,83.0,13,-0.2588190451025208,-0.9659258262890683
107,15,31,7,31,96.85972629521017,38,67.0,70.0,13,-0.2588190451025208,-0.9659258262890683
107,15,81,9,81,23.09384164222874,37,31.0,67.0,13,-0.2588190451025208,-0.9659258262890683
108,15,74,10,74,56.427174975562075,23,81.0,31.0,13,-0.2588190451025208,-0.9659258262890683
112,15,13,2,13,27.883675464320625,27,74.0,81.0,13,-0.2588190451025208,-0.9659258262890683
119,15,15,2,15,22.177419354838708,34,13.0,74.0,13,-0.2588190451025208,-0.9659258262890683
124,15,11,3,11,38.08651026392962,28,15.0,13.0,14,-0.4999999999999997,-0.8660254037844388
135,15,66,8,66,40.89687194525904,45,11.0,15.0,14,-0.4999999999999997,-0.8660254037844388
150,15,37,6,37,58.162267839687196,15,66.0,11.0,14,-0.4999999999999997,-0.8660254037844388
151,15,67,7,67,8.88318670576735,47,37.0,66.0,14,-0.4999999999999997,-0.8660254037844388
152,15,75,12,75,97.17741935483872,47,67.0,37.0,14,-0.4999999999999997,-0.8660254037844388
153,15,68,9,68,52.17497556207233,39,75.0,67.0,14,-0.4999999999999997,-0.8660254037844388
159,15,18,2,18,18.31622678396872,22,68.0,75.0,14,-0.4999999999999997,-0.8660254037844388
159,15,23,3,23,29.77761485826002,18,18.0,68.0,14,-0.4999999999999997,-0.8660254037844388
159,15,70,11,70,91.49560117302052,41,23.0,18.0,14,-0.4999999999999997,-0.8660254037844388
161,15,85,11,85,59.76295210166178,13,70.0,23.0,14,-0.4999999999999997,-0.8660254037844388
163,15,71,7,71,16.41006842619746,47,85.0,70.0,14,-0.4999999999999997,-0.8660254037844388
164,15,26,3,26,26.564027370478982,21,71.0,85.0,14,-0.4999999999999997,-0.8660254037844388
3,16,36,4,36,26.89393939393939,14,36.0,36.0,12,1.2246467991473532e-16,-1.0
4,16,11,2,11,23.692570869990227,44,36.0,36.0,12,1.2246467991473532e-16,-1.0
4,16,49,6,49,28.323558162267844,42,11.0,36.0,12,1.2246467991473532e-16,-1.0
5,16,52,8,52,67.61974584555229,45,49.0,11.0,12,1.2246467991473532e-16,-1.0
11,16,57,8,57,62.035679374389055,25,52.0,49.0,12,1.2246467991473532e-16,-1.0
13,16,66,8,66,31.92815249266862,10,57.0,52.0,12,1.2246467991473532e-16,-1.0
14,16,86,13,86,91.38563049853371,18,66.0,57.0,12,1.2246467991473532e-16,-1.0
16,16,65,9,65,66.75219941348973,13,86.0,66.0,12,1.2246467991473532e-16,-1.0
16,16,85,11,85,53.00586510263929,41,65.0,86.0,12,1.2246467991473532e-16,-1.0
18,16,44,5,44,15.970185728250245,25,85.0,65.0,12,1.2246467991473532e-16,-1.0
20,16,53,8,53,55.3030303030303,35,44.0,85.0,12,1.2246467991473532e-16,-1.0
34,16,85,10,85,36.44916911045944,17,53.0,44.0,12,1.2246467991473532e-16,-1.0
35,16,19,4,19,44.36705767350929,27,85.0,53.0,12,1.2246467991473532e-16,-1.0
38,16,34,4,34,21.26099706744868,39,19.0,85.0,12,1.2246467991473532e-16,-1.0
47,16,11,5,11,78.1524926686217,36,34.0,19.0,12,1.2246467991473532e-16,-1.0
66,16,72,11,72,77.16275659824046,43,11.0,34.0,13,-0.2588190451025208,-0.9659258262890683
70,16,37,4,37,7.526881720430108,19,72.0,11.0,13,-0.2588190451025208,-0.9659258262890683
79,16,44,8,44,76.46627565982405,28,37.0,72.0,13,-0.2588190451025208,-0.9659258262890683
86,16,56,9,56,82.3069403714565,31,44.0,37.0,13,-0.2588190451025208,-0.9659258262890683
87,16,68,8,68,33.85874877810362,29,56.0,44.0,13,-0.2588190451025208,-0.9659258262890683
94,16,29,4,29,38.917399804496576,34,68.0,56.0,13,-0.2588190451025208,-0.9659258262890683
95,16,21,4,21,43.19403714565005,8,29.0,68.0,13,-0.2588190451025208,-0.9659258262890683
101,16,81,8,81,7.111436950146628,47,21.0,29.0,13,-0.2588190451025208,-0.9659258262890683
105,16,10,1,10,19.611436950146626,30,81.0,21.0,13,-0.2588190451025208,-0.9659258262890683
110,16,50,5,50,17.85190615835777,45,10.0,81.0,13,-0.2588190451025208,-0.9659258262890683
112,16,19,2,19,20.68670576735093,21,50.0,10.0,13,-0.2588190451025208,-0.9659258262890683
115,16,74,11,74,73.28934506353862,48,19.0,50.0,13,-0.2588190451025208,-0.9659258262890683
119,16,68,7,68,13.440860215053762,44,74.0,19.0,13,-0.2588190451025208,-0.9659258262890683
120,16,80,9,80,30.90175953079179,25,68.0,74.0,14,-0.4999999999999997,-0.8660254037844388
123,16,35,5,35,38.758553274682306,12,80.0,68.0,14,-0.4999999999999997,-0.8660254037844388
125,16,88,11,88,58.56549364613881,33,35.0,80.0,14,-0.4999999999999997,-0.8660254037844388
128,16,25,6,25,77.61485826001955,43,88.0,35.0,14,-0.4999999999999997,-0.8660254037844388
131,16,59,6,59,15.053763440860216,16,25.0,88.0,14,-0.4999999999999997,-0.8660254037844388
132,16,41,6,41,47.886119257087,25,59.0,25.0,14,-0.4999999999999997,-0.8660254037844388
133,16,63,9,63,67.79081133919843,20,41.0,59.0,14,-0.4999999999999997,-0.8660254037844388
135,16,55,6,55,28.066959921798627,25,63.0,41.0,14,-0.4999999999999997,-0.8660254037844388
135,16,14,6,14,98.68035190615836,21,55.0,63.0,14,-0.4999999999999997,-0.8660254037844388
139,16,79,10,79,53.054740957966764,10,14.0,55.0,14,-0.4999999999999997,-0.8660254037844388
139,16,32,3,32,6.781524926686217,39,79.0,14.0,14,-0.4999999999999997,-0.8660254037844388
140,16,24,5,24,71.38318670576736,45,32.0,79.0,14,-0.4999999999999997,-0.8660254037844388
145,16,23,6,23,80.87732160312805,21,24.0,32.0,14,-0.4999999999999997,-0.8660254037844388
147,16,45,6,45,43.52394916911046,13,23.0,24.0,14,-0.4999999999999997,-0.8660254037844388
152,16,70,8,70,24.18132942326491,19,45.0,23.0,14,-0.4999999999999997,-0.8660254037844388
160,16,31,7,31,97.07966764418377,23,70.0,45.0,14,-0.4999999999999997,-0.8660254037844388
160,16,63,10,63,79.76539589442815,42,31.0,70.0,14,-0.4999999999999997,-0.8660254037844388
162,16,84,9,84,21.17546432062561,15,63.0,31.0,14,-0.4999999999999997,-0.8660254037844388
162,16,77,10,77,59.860703812316714,16,84.0,63.0,14,-0.4999999999999997,-0.8660254037844388
165,16,80,9,80,36.29032258064516,11,77.0,84.0,14,-0.4999999999999997,-0.8660254037844388
0,17,24,5,24,54.43548387096774,16,24.0,24.0,12,1.2246467991473532e-16,-1.0
4,17,69,11,69,90.37145650048876,37,24.0,24.0,12,1.2246467991473532e-16,-1.0
12,17,78,9,78,26.209677419354836,5,69.0,24.0,12,1.2246467991473532e-16,-1.0
13,17,75,11,75,79.59433040078201,19,78.0,69.0,12,1.2246467991473532e-16,-1.0
15,17,22,4,22,43.63391984359726,22,75.0,78.0,12,1.2246467991473532e-16,-1.0
22,17,25,7,25,92.57086999022482,47,22.0,75.0,12,1.2246467991473532e-16,-1.0
25,17,38,8,38,93.43841642228739,31,25.0,22.0,12,1.2246467991473532e-16,-1.0
28,17,44,6,44,43.340664711632456,26,38.0,25.0,12,1.2246467991473532e-16,-1.0
30,17,16,3,16,39.613880742913,5,44.0,38.0,12,1.2246467991473532e-16,-1.0
34,17,76,10,76,65.53030303030303,13,16.0,44.0,12,1.2246467991473532e-16,-1.0
38,17,47,5,47,24.511241446725318,14,76.0,16.0,12,1.2246467991473532e-16,-1.0
41,17,22,5,22,58.345552297165206,11,47.0,76.0,12,1.2246467991473532e-16,-1.0
44,17,45,7,45,57.62463343108505,26,22.0,47.0,12,1.2246467991473532e-16,-1.0
47,17,67,10,67,70.4789833822092,24,45.0,22.0,12,1.2246467991473532e-16,-1.0
51,17,59,9,59,66.50782013685239,10,67.0,45.0,12,1.2246467991473532e-16,-1.0
54,17,50,6,50,21.67644183773216,41,59.0,67.0,12,1.2246467991473532e-16,-1.0
54,17,77,9,77,27.993646138807428,14,50.0,59.0,12,1.2246467991473532e-16,-1.0
54,17,18,6,18,93.96383186705768,35,77.0,50.0,12,1.2246467991473532e-16,-1.0
62,17,77,10,77,49.75562072336266,39,18.0,77.0,13,-0.2588190451025208,-0.9659258262890683
66,17,28,4,28,43.53616813294233,46,77.0,18.0,13,-0.2588190451025208,-0.9659258262890683
69,17,14,2,14,17.668621700879765,41,28.0,77.0,13,-0.2588190451025208,-0.9659258262890683
70,17,58,9,58,68.54838709677419,46,14.0,28.0,13,-0.2588190451025208,-0.9659258262890683
74,17,72,11,72,84.46969696969697,39,58.0,14.0,13,-0.2588190451025208,-0.9659258262890683
74,17,27,7,27,98.0327468230694,26,72.0,58.0,13,-0.2588190451025208,-0.9659258262890683
75,17,38,4,38,7.526881720430108,28,27.0,72.0,13,-0.2588190451025208,-0.9659258262890683
77,17,70,9,70,41.44672531769306,5,38.0,27.0,13,-0.2588190451025208,-0.9659258262890683
79,17,12,6,12,96.10215053763442,20,70.0,38.0,13,-0.2588190451025208,-0.9659258262890683
85,17,62,7,62,31.732649071358747,27,12.0,70.0,13,-0.2588190451025208,-0.9659258262890683
92,17,69,7,69,19.868035190615835,21,62.0,12.0,13,-0.2588190451025208,-0.9659258262890683
93,17,27,3,27,7.9178885630498534,46,69.0,62.0,13,-0.2588190451025208,-0.9659258262890683
100,17,53,6,53,33.29667644183773,24,27.0,69.0,13,-0.2588190451025208,-0.9659258262890683
102,17,73,11,73,88.33088954056696,22,53.0,27.0,13,-0.2588190451025208,-0.9659258262890683
108,17,89,10,89,35.581622678396876,20,73.0,53.0,13,-0.2588190451025208,-0.9659258262890683
109,17,31,7,31,81.25610948191594,46,89.0,73.0,13,-0.2588190451025208,-0.9659258262890683
119,17,49,6,49,34.24975562072336,15,31.0,89.0,13,-0.2588190451025208,-0.9659258262890683
124,17,43,6,43,44.37927663734115,21,49.0,31.0,14,-0.4999999999999997,-0.8660254037844388
130,17,19,4,19,55.278592375366564,9,43.0,49.0,14,-0.4999999999999997,-0.8660254037844388
132,17,83,8,83,10.764907135874878,33,19.0,43.0,14,-0.4999999999999997,-0.8660254037844388
136,17,72,11,72,92.8030303030303,45,83.0,19.0,14,-0.4999999999999997,-0.8660254037844388
139,17,22,6,22,87.95210166177908,36,72.0,83.0,14,-0.4999999999999997,-0.8660254037844388
143,17,64,7,64,18.511730205278592,28,22.0,72.0,14,-0.4999999999999997,-0.8660254037844388
148,17,31,3,31,11.803519061583579,9,64.0,22.0,14,-0.4999999999999997,-0.8660254037844388
149,17,74,10,74,61.534701857282506,43,31.0,64.0,14,-0.4999999999999997,-0.8660254037844388
150,17,35,5,35,41.91104594330401,31,74.0,31.0,14,-0.4999999999999997,-0.8660254037844388
150,17,17,5,17,67.6930596285435,14,35.0,74.0,14,-0.4999999999999997,-0.8660254037844388
154,17,10,4,10,78.76344086021506,31,17.0,35.0,14,-0.4999999999999997,-0.8660254037844388
154,17,80,12,80,88.78299120234604,23,10.0,17.0,14,-0.4999999999999997,-0.8660254037844388
157,17,14,5,14,73.00830889540568,19,80.0,10.0,14,-0.4999999999999997,-0.8660254037844388
161,17,45,8,45,72.97165200391007,13,14.0,80.0,14,-0.4999999999999997,-0.8660254037844388
7,18,63,9,63,58.2355816226784,29,63.0,63.0,12,1.2246467991473532e-16,-1.0
16,18,22,3,22,29.48435972629521,32,63.0,63.0,12,1.2246467991473532e-16,-1.0
18,18,59,9,59,63.489736070381234,39,22.0,63.0,12,1.2246467991473532e-16,-1.0
19,18,58,6,58,20.772238514174,16,59.0,22.0,12,1.2246467991473532e-16,-1.0
21,18,43,8,43,82.63685239491691,31,58.0,59.0,12,1.2246467991473532e-16,-1.0
22,18,63,11,63,95.23460410557185,12,43.0,58.0,12,1.2246467991473532e-16,-1.0
33,18,43,8,43,83.62658846529814,5,63.0,43.0,12,1.2246467991473532e-16,-1.0
35,18,25,5,25,68.36510263929618,8,43.0,63.0,12,1.2246467991473532e-16,-1.0
35,18,73,10,73,60.54496578690127,18,25.0,43.0,12,1.2246467991473532e-16,-1.0
37,18,41,6,41,43.16959921798632,18,73.0,25.0,12,1.2246467991473532e-16,-1.0
44,18,33,7,33,83.26001955034214,8,41.0,73.0,12,1.2246467991473532e-16,-1.0
53,18,10,1,10,15.175953079178885,12,33.0,41.0,12,1.2246467991473532e-16,-1.0
73,18,61,10,61,96.89638318670578,14,10.0,33.0,13,-0.2588190451025208,-0.9659258262890683
73,18,46,6,46,36.168132942326494,5,61.0,10.0,13,-0.2588190451025208,-0.9659258262890683
88,18,52,5,52,13.917399804496577,45,46.0,61.0,13,-0.2588190451025208,-0.9659258262890683
89,18,11,2,11,28.115835777126097,25,52.0,46.0,13,-0.2588190451025208,-0.9659258262890683
90,18,68,9,68,57.62463343108505,42,11.0,52.0,13,-0.2588190451025208,-0.9659258262890683
95,18,43,5,43,29.142228739002935,24,68.0,11.0,13,-0.2588190451025208,-0.9659258262890683
98,18,78,12,78,86.52248289345064,9,43.0,68.0,13,-0.2588190451025208,-0.9659258262890683
99,18,57,7,57,33.60215053763441,14,78.0,43.0,13,-0.2588190451025208,-0.9659258262890683
99,18,25,4,25,34.43304007820137,39,57.0,78.0,13,-0.2588190451025208,-0.9659258262890683
108,18,82,12,82,80.21749755620723,18,25.0,57.0,13,-0.2588190451025208,-0.9659258262890683
109,18,28,4,28,43.401759530791786,30,82.0,25.0,13,-0.2588190451025208,-0.9659258262890683
110,18,39,5,39,24.853372434017594,32,28.0,82.0,13,-0.2588190451025208,-0.9659258262890683
124,18,86,11,86,51.417399804496576,23,39.0,28.0,14,-0.4999999999999997,-0.8660254037844388
125,18,55,9,55,76.2218963831867,14,86.0,39.0,14,-0.4999999999999997,-0.8660254037844388
127,18,88,13,88,85.202834799609,46,55.0,86.0,14,-0.4999999999999997,-0.8660254037844388
127,18,52,8,52,70.03910068426198,8,88.0,55.0,14,-0.4999999999999997,-0.8660254037844388
133,18,26,6,26,68.53616813294232,26,52.0,88.0,14,-0.4999999999999997,-0.8660254037844388
133,18,43,7,43,62.634408602150536,43,26.0,52.0,14,-0.4999999999999997,-0.8660254037844388
138,18,20,5,20,65.7258064516129,32,43.0,26.0,14,-0.4999999999999997,-0.8660254037844388
141,18,30,5,30,45.894428152492665,22,20.0,43.0,14,-0.4999999999999997,-0.8660254037844388
143,18,71,9,71,47.83724340175953,8,30.0,20.0,14,-0.4999999999999997,-0.8660254037844388
146,18,87,13,87,94.6603128054741,19,71.0,30.0,14,-0.4999999999999997,-0.8660254037844388
151,18,38,6,38,60.59384164222874,32,87.0,71.0,14,-0.4999999999999997,-0.8660254037844388
151,18,25,4,25,33.68768328445748,40,38.0,87.0,14,-0.4999999999999997,-0.8660254037844388
160,18,73,11,73,74.35239491691105,16,25.0,38.0,14,-0.4999999999999997,-0.8660254037844388
161,18,28,5,28,47.34848484848485,48,73.0,25.0,14,-0.4999999999999997,-0.8660254037844388
163,18,67,9,67,57.306940371456506,12,28.0,73.0,14,-0.4999999999999997,-0.8660254037844388
3,19,88,10,88,32.038123167155426,7,88.0,88.0,12,1.2246467991473532e-16,-1.0
7,19,74,8,74,27.052785923753664,28,88.0,88.0,12,1.2246467991473532e-16,-1.0
13,19,25,7,25,91.75219941348973,32,74.0,88.0,12,1.2246467991473532e-16,-1.0
17,19,53,9,53,85.26392961876833,35,25.0,74.0,12,1.2246467991473532e-16,-1.0
17,19,53,10,53,100.0,32,53.0,25.0,12,1.2246467991473532e-16,-1.0
17,19,35,4,35,10.984848484848484,44,53.0,53.0,12,1.2246467991473532e-16,-1.0
21,19,52,10,52,96.22434017595309,33,35.0,53.0,12,1.2246467991473532e-16,-1.0
23,19,16,1,16,7.148093841642229,37,52.0,35.0,12,1.2246467991473532e-16,-1.0
26,19,76,11,76,80.1564027370479,48,16.0,52.0,12,1.2246467991473532e-16,-1.0
32,19,74,8,74,16.47116324535679,14,76.0,16.0,12,1.2246467991473532e-16,-1.0
38,19,54,9,54,80.36412512218963,31,74.0,76.0,12,1.2246467991473532e-16,-1.0
41,19,33,5,33,42.15542521994135,30,54.0,74.0,12,1.2246467991473532e-16,-1.0
42,19,65,10,65,87.73216031280548,10,33.0,54.0,12,1.2246467991473532e-16,-1.0
42,19,68,9,68,48.7781036168133,24,65.0,33.0,12,1.2246467991473532e-16,-1.0
43,19,80,9,80,36.18035190615836,20,68.0,65.0,12,1.2246467991473532e-16,-1.0
45,19,57,7,57,32.56353861192571,16,80.0,68.0,12,1.2246467991473532e-16,-1.0
50,19,84,13,84,97.0307917888563,31,57.0,80.0,12,1.2246467991473532e-16,-1.0
50,19,24,4,24,50.41544477028348,47,84.0,57.0,12,1.2246467991473532e-16,-1.0
51,19,32,5,32,38.68523949169111,30,24.0,84.0,12,1.2246467991473532e-16,-1.0
57,19,70,9,70,51.06304985337243,16,32.0,24.0,12,1.2246467991473532e-16,-1.0
61,19,67,9,67,63.52639296187683,38,70.0,32.0,13,-0.2588190451025208,-0.9659258262890683
63,19,46,7,46,61.03372434017595,17,67.0,70.0,13,-0.2588190451025208,-0.9659258262890683
68,19,21,5,21,74.20576735092864,31,46.0,67.0,13,-0.2588190451025208,-0.9659258262890683
72,19,75,9,75,47.214076246334315,24,21.0,46.0,13,-0.2588190451025208,-0.9659258262890683
87,19,88,11,88,47.17741935483871,23,75.0,21.0,13,-0.2588190451025208,-0.9659258262890683
88,19,79,10,79,44.26930596285435,14,88.0,75.0,13,-0.2588190451025208,-0.9659258262890683
96,19,26,6,26,76.30742913000978,9,79.0,88.0,13,-0.2588190451025208,-0.9659258262890683
96,19,21,6,21,80.75513196480938,8,26.0,79.0,13,-0.2588190451025208,-0.9659258262890683
97,19,32,6,32,58.02785923753666,24,21.0,26.0,13,-0.2588190451025208,-0.9659258262890683
100,19,67,10,67,84.3108504398827,37,32.0,21.0,13,-0.2588190451025208,-0.9659258262890683
102,19,56,10,56,96.45650048875855,28,67.0,32.0,13,-0.2588190451025208,-0.9659258262890683
110,19,24,3,24,15.212609970674487,37,56.0,67.0,13,-0.2588190451025208,-0.9659258262890683
116,19,18,2,18,16.55669599217986,5,24.0,56.0,13,-0.2588190451025208,-0.9659258262890683
117,19,73,10,73,55.85288367546431,44,18.0,24.0,13,-0.2588190451025208,-0.9659258262890683
120,19,12,4,12,74.27908113391985,36,73.0,18.0,14,-0.4999999999999997,-0.8660254037844388
123,19,84,10,84,39.345063538611925,44,12.0,73.0,14,-0.4999999999999997,-0.8660254037844388
128,19,34,7,34,77.85923753665689,39,84.0,12.0,14,-0.4999999999999997,-0.8660254037844388
128,19,43,7,43,73.55816226783969,17,34.0,84.0,14,-0.4999999999999997,-0.8660254037844388
128,19,44,5,44,28.98338220918866,26,43.0,34.0,14,-0.4999999999999997,-0.8660254037844388
129,19,12,3,12,50.378787878787875,9,44.0,43.0,14,-0.4999999999999997,-0.8660254037844388
130,19,81,9,81,21.199902248289344,15,12.0,44.0,14,-0.4999999999999997,-0.8660254037844388
135,19,43,6,43,38.58748778103617,37,81.0,12.0,14,-0.4999999999999997,-0.8660254037844388
138,19,52,8,52,64.01515151515152,5,43.0,81.0,14,-0.4999999999999997,-0.8660254037844388
140,19,29,7,29,85.26392961876833,46,52.0,43.0,14,-0.4999999999999997,-0.8660254037844388
142,19,46,6,46,45.62561094819159,16,29.0,52.0,14,-0.4999999999999997,-0.8660254037844388
142,19,65,8,65,39.13734115347018,14,46.0,29.0,14,-0.4999999999999997,-0.8660254037844388
144,19,47,9,47,89.29618768328446,47,65.0,46.0,14,-0.4999999999999997,-0.8660254037844388
151,19,26,6,26,85.76490713587488,15,47.0,65.0,14,-0.4999999999999997,-0.8660254037844388
151,19,85,11,85,50.25659824046921,12,26.0,47.0,14,-0.4999999999999997,-0.8660254037844388
153,19,22,5,22,63.18426197458456,11,85.0,26.0,14,-0.4999999999999997,-0.8660254037844388
158,19,60,7,60,29.77761485826002,26,22.0,85.0,14,-0.4999999999999997,-0.8660254037844388
165,19,64,8,64,38.465298142717494,27,60.0,22.0,14,-0.4999999999999997,-0.8660254037844388
